,_id,activityHotness,coins,description,hotness,originalImageUrl,primaryCategory,publishedAt,similarArticles,source,sourceDomain,thumbnail,title,url,words
0,5f7ca1963cd0430017ff13e9,0.4026261478588814,"[{u'tradingSymbol': u'BTC', u'_id': u'59cb59e81c073f09e76f614b', u'name': u'Bitcoin', u'slug': u'bitcoin'}, {u'tradingSymbol': u'ANT', u'_id': u'59d21e9b83a0523906a45df9', u'name': u'Aragon', u'slug': u'aragon'}, {u'tradingSymbol': u'DEFI', u'_id': u'5e3844a816c3760019f74b72', u'name': u'Defi', u'slug': u'defi'}, {u'tradingSymbol': u'LTC', u'_id': u'59d21e9b83a0523906a45db0', u'name': u'Litecoin', u'slug': u'litecoin'}, {u'tradingSymbol': u'NET', u'_id': u'5cd36d8270d74700100891ad', u'name': u'NEXT', u'slug': u'next'}, {u'tradingSymbol': u'xrp', u'_id': u'59cb5a047ab17a0b2ec00edf', u'name': u'Ripple', u'slug': u'ripple'}, {u'tradingSymbol': u'RIF', u'_id': u'5d462002e19efe001b381188', u'name': u'RIF Token', u'slug': u'rif-token'}, {u'tradingSymbol': u'ETH', u'_id': u'59cb59f9b0836b0a63aebc7c', u'name': u'Ethereum', u'slug': u'ethereum'}, {u'tradingSymbol': u'dai', u'_id': u'5a7b930d02ac032bc99781ba', u'name': u'Dai', u'slug': u'dai'}, {u'tradingSymbol': u'XRP', u'_id': u'5de5a582d37160001ab4bdff', u'name': u'XRP', u'slug': u'xrp'}]","Source: Adobe/ I-Wei Huang Get your daily, bite-sized digest of cryptoasset and blockchain-related news – investigating the stories flying under the radar of today’s crypto news. Regulation news In the UK, the Financial Conduct Authority (FCA) banned the sale of derivatives and exchange-traded notes…",74167.22165392563,https://cimg.co/w/articles/0/5f7/ca1790b5e9.jpg,General,2020-10-06T16:54:51.000Z,[],"{u'url': u'https://cryptonews.com/', u'_id': u'5c8fbb44a4410000111f614b', u'name': u'CryptoNews', u'favicon': u'https://assets.cryptocontrol.io/favicons/5c8fbb44a4410000111f614b.png'}",cryptonews.com,https://cloudfront.cryptocontrol.io/thumbnails/5f7ca1963cd0430017ff13e9-1602003350062.jpg,"New Crypto Ban, New Index, Litecoin's MimbleWimble Testnet + More News",https://cryptocontrol.io/r/api/article/5f7ca1963cd0430017ff13e9?ref=5f963694c3be7e001761fc25,981
1,5f7ca1633cd0430017ff13df,0.3369308725036954,"[{u'tradingSymbol': u'xrp', u'_id': u'59cb5a047ab17a0b2ec00edf', u'name': u'Ripple', u'slug': u'ripple'}, {u'tradingSymbol': u'XRP', u'_id': u'5de5a582d37160001ab4bdff', u'name': u'XRP', u'slug': u'xrp'}, {u'tradingSymbol': u'EGCC', u'_id': u'5b1b1885bad05a000f195d03', u'name': u'Engine', u'slug': u'engine'}, {u'tradingSymbol': u'EQL', u'_id': u'5a7b931902ac032bc9978264', u'name': u'Equal', u'slug': u'equal'}, {u'tradingSymbol': u'uni', u'_id': u'59d8e9a749f28d5610567379', u'name': u'Universe', u'slug': u'universe'}]","Catch up on the latest crypto market news at The Currency Analytics.
Ripple is working on all fronts to transform the traditional ecosystem of business of things especially the financial sector. This…
",74167.09017161325,https://cdn.thecurrencyanalytics.com/wp-content/uploads/2020/10/RippleNetXRP-300x300.jpg,Analysis,2020-10-06T16:31:10.000Z,[],"{u'url': u'https://thecurrencyanalytics.com/', u'_id': u'5c509bf423b00e00101f000b', u'name': u'TheCurrencyAnalytics', u'favicon': u'https://assets.cryptocontrol.io/favicons/5c509bf423b00e00101f000b.jpg'}",thecurrencyanalytics.com,https://cloudfront.cryptocontrol.io/thumbnails/5f7ca1633cd0430017ff13df-1602003299362.jpg,Ripple (XRP) Working Successfully at Transforming the Traditional Financial Market instead of Eliminating it,https://cryptocontrol.io/r/api/article/5f7ca1633cd0430017ff13df?ref=5f963694c3be7e001761fc25,486
2,5f7c859ea7c2cd00176b6e14,0.31679101896674444,"[{u'tradingSymbol': u'XRP', u'_id': u'5de5a582d37160001ab4bdff', u'name': u'XRP', u'slug': u'xrp'}, {u'tradingSymbol': u'BTC', u'_id': u'59cb59e81c073f09e76f614b', u'name': u'Bitcoin', u'slug': u'bitcoin'}, {u'tradingSymbol': u'xrp', u'_id': u'59cb5a047ab17a0b2ec00edf', u'name': u'Ripple', u'slug': u'ripple'}, {u'tradingSymbol': u'TOP', u'_id': u'5e3844aa16c3760019f74f7b', u'name': u'TOP', u'slug': u'top'}]","XRP Price Prediction – October 6 The Ripple (XRP) is currently pushing higher with 2.16% gains as the cryptocurrency manages to reclaim the $0.25 level. [...]
",74166.69146694489,https://cdn.insidebitcoins.com/wp-content/uploads/2020/10/XRPUSD_04102020.png,Analysis,2020-10-06T14:14:53.000Z,[],"{u'url': u'https://insidebitcoins.com/', u'_id': u'5ccabcb670d7470010854415', u'name': u'InsideBitcoins', u'favicon': u'https://assets.cryptocontrol.io/favicons/5ccabcb670d7470010854415.png'}",insidebitcoins.com,https://cloudfront.cryptocontrol.io/thumbnails/5f7c859ea7c2cd00176b6e14-1601996190794.png,Ripple Price Prediction: XRP/USD Bulls Wake Up As They Push Coin Above $0.25; More Bullish Pressure Ahead,https://cryptocontrol.io/r/api/article/5f7c859ea7c2cd00176b6e14?ref=5f963694c3be7e001761fc25,382
3,5f7c83cca7c2cd00176b6001,0.3026831591407539,"[{u'tradingSymbol': u'BTC', u'_id': u'59cb59e81c073f09e76f614b', u'name': u'Bitcoin', u'slug': u'bitcoin'}, {u'tradingSymbol': u'xrp', u'_id': u'59cb5a047ab17a0b2ec00edf', u'name': u'Ripple', u'slug': u'ripple'}, {u'tradingSymbol': u'XRP', u'_id': u'5de5a582d37160001ab4bdff', u'name': u'XRP', u'slug': u'xrp'}]","Starting January 6 2021, retail cryptocurrency traders in the United Kingdom (UK) will be prohibited from accessing crypto derivatives products, in an effort to protect the investors from possible risks associated. This comes as the final regulations of the country’s financial watchdog, the…",74166.65120167765,https://cryptopolitanimg.s3.amazonaws.com/wp-content/uploads/2020/10/06150202/united-kingdom-2132676_1920.jpg,Exchanges,2020-10-06T14:05:28.000Z,[],"{u'url': u'https://www.cryptopolitan.com/', u'_id': u'5bda96120c38a7001984d502', u'name': u'Cryptopolitan', u'favicon': u'https://assets.cryptocontrol.io/favicons/5bda96120c38a7001984d502.png'}",cryptopolitan.com,https://cloudfront.cryptocontrol.io/thumbnails/5f7c83cca7c2cd00176b6001-1601995725169.jpg,"UK regulator, FCA bans crypto derivatives trading for retails",https://cryptocontrol.io/r/api/article/5f7c83cca7c2cd00176b6001?ref=5f963694c3be7e001761fc25,200
4,5f7c7c30545af10017ccd76c,0.42300135692786567,"[{u'tradingSymbol': u'BTC', u'_id': u'59cb59e81c073f09e76f614b', u'name': u'Bitcoin', u'slug': u'bitcoin'}, {u'tradingSymbol': u'xrp', u'_id': u'59cb5a047ab17a0b2ec00edf', u'name': u'Ripple', u'slug': u'ripple'}, {u'tradingSymbol': u'BCH', u'_id': u'59d21e9b83a0523906a45daf', u'name': u'Bitcoin Cash', u'slug': u'bitcoin-cash'}, {u'tradingSymbol': u'LTC', u'_id': u'59d21e9b83a0523906a45db0', u'name': u'Litecoin', u'slug': u'litecoin'}, {u'tradingSymbol': u'DEFI', u'_id': u'5e3844a816c3760019f74b72', u'name': u'Defi', u'slug': u'defi'}, {u'tradingSymbol': u'BLT', u'_id': u'5a7b930b02ac032bc9978197', u'name': u'Bloom', u'slug': u'bloomtoken'}, {u'tradingSymbol': u'DEX', u'_id': u'5be61f883c4bad00168c1da8', u'name': u'DEX', u'slug': u'dex'}, {u'tradingSymbol': u'DTA', u'_id': u'5a7b931102ac032bc99781f1', u'name': u'DATA', u'slug': u'data'}, {u'tradingSymbol': u'XMR', u'_id': u'59d21e9b83a0523906a45db5', u'name': u'Monero', u'slug': u'monero'}, {u'tradingSymbol': u'ETH', u'_id': u'59cb59f9b0836b0a63aebc7c', u'name': u'Ethereum', u'slug': u'ethereum'}, {u'tradingSymbol': u'NET', u'_id': u'5cd36d8270d74700100891ad', u'name': u'NEXT', u'slug': u'next'}, {u'tradingSymbol': u'key', u'_id': u'5afcc60ced3b0e000f40d55c', u'name': u'KEY', u'slug': u'key'}, {u'tradingSymbol': u'BIT', u'_id': u'59d8e9a849f28d56105674fd', u'name': u'First Bitcoin', u'slug': u'first-bitcoin'}, {u'tradingSymbol': u'TOP', u'_id': u'5e3844aa16c3760019f74f7b', u'name': u'TOP', u'slug': u'top'}, {u'tradingSymbol': u'USDT', u'_id': u'59d21e9b83a0523906a45dbe', u'name': u'Tether', u'slug': u'tether'}, {u'tradingSymbol': u'READ', u'_id': u'5a7b931502ac032bc997822c', u'name': u'Read', u'slug': u'read'}]","Bloomberg analyst Mike McGlone has predicted that the price of bitcoin will hit $100,000 by 2025. McGlone premised his argument on past bitcoin trends, including the period in which the price took four years to go from $1,000 to $10,000 in 2017. “So, doubling that time frame for maturation could get…",74166.67397357915,https://news.bitcoin.com/wp-content/uploads/2020/10/bitcoin-to-hit-100000-in-five-years-as-demand-and-adoption-increase-report.jpg,General,2020-10-06T13:30:21.000Z,[],"{u'url': u'https://news.bitcoin.com/', u'_id': u'59d71c67ef8bf95cc2ab0147', u'name': u'Bitcoin.com', u'favicon': u'https://assets.cryptocontrol.io/favicons/59d71c67ef8bf95cc2ab0147.png'}",news.bitcoin.com,https://cloudfront.cryptocontrol.io/thumbnails/5f7c7c30545af10017ccd76c-1601993776613.jpg,"Bitcoin To Hit $100,000 in Five Years as Demand and Adoption Increase – Report",https://cryptocontrol.io/r/api/article/5f7c7c30545af10017ccd76c?ref=5f963694c3be7e001761fc25,1833
5,5f7c680c9e8df60019c96a12,0.3423031246069913,"[{u'tradingSymbol': u'xrp', u'_id': u'59cb5a047ab17a0b2ec00edf', u'name': u'Ripple', u'slug': u'ripple'}, {u'tradingSymbol': u'ETH', u'_id': u'59cb59f9b0836b0a63aebc7c', u'name': u'Ethereum', u'slug': u'ethereum'}, {u'tradingSymbol': u'NET', u'_id': u'5cd36d8270d74700100891ad', u'name': u'NEXT', u'slug': u'next'}, {u'tradingSymbol': u'EQL', u'_id': u'5a7b931902ac032bc9978264', u'name': u'Equal', u'slug': u'equal'}, {u'tradingSymbol': u'BTC', u'_id': u'59cb59e81c073f09e76f614b', u'name': u'Bitcoin', u'slug': u'bitcoin'}, {u'tradingSymbol': u'TOP', u'_id': u'5e3844aa16c3760019f74f7b', u'name': u'TOP', u'slug': u'top'}, {u'tradingSymbol': u'key', u'_id': u'5afcc60ced3b0e000f40d55c', u'name': u'KEY', u'slug': u'key'}]","The last 24 hours have been slightly encouraging as BTC and other major cryptocurrencies strides for some upward momentum. In the meantime, BTC has crossed the $10,700 area and seems to be interested in further gains. Bitcoin (BTC) had recently experienced a price dump of around 15% altogether. This…",74166.41105312461,http://image.coinpedia.org/wp-content/uploads/2020/10/06121942/crypto-rally.png,General,2020-10-06T12:24:45.000Z,[],"{u'url': u'https://coinpedia.org/', u'_id': u'5bf00e7e3c4bad0016748067', u'name': u'Coinpedia', u'favicon': u'https://assets.cryptocontrol.io/favicons/5bf00e7e3c4bad0016748067.png'}",coinpedia.org,https://cloudfront.cryptocontrol.io/thumbnails/5f7c680c9e8df60019c96a12-1601988620457.png,Bitcoin Attempts A Bullish Bounce As Major Alts Mirror Effects,https://cryptocontrol.io/r/api/article/5f7c680c9e8df60019c96a12?ref=5f963694c3be7e001761fc25,489
6,5f7c4a8d7986c600175faf2e,0.24816045409242157,"[{u'tradingSymbol': u'DEFI', u'_id': u'5e3844a816c3760019f74b72', u'name': u'Defi', u'slug': u'defi'}, {u'tradingSymbol': u'xrp', u'_id': u'59cb5a047ab17a0b2ec00edf', u'name': u'Ripple', u'slug': u'ripple'}]","Decentralized finance “may prove difficult to subject to regulatory requirements,” a regulatory adviser says.
The European Commission’s newly proposed cryptocurrency regulations pose a specific risk for the decentralized finance (DeFi) industry, according to industry regulatory adviser XReg…",74166.00376230595,https://images.cointelegraph.com/images/740_aHR0cHM6Ly9zMy5ldS1jZW50cmFsLTEuYW1hem9uYXdzLmNvbS9zMy5jb2ludGVsZWdyYXBoLmNvbS91cGxvYWRzLzIwMjAtMTAvYmI5OTgzNDItM2RmNC00MWI5LThmOTktNzc5ZmE0OTY3NjIxLmpwZw==.jpg,General,2020-10-06T10:32:01.000Z,[],"{u'url': u'https://cointelegraph.com/', u'_id': u'59d70be3ef8bf95cc2aa2b4f', u'name': u'CoinTelegraph', u'favicon': u'https://assets.cryptocontrol.io/favicons/59d70be3ef8bf95cc2aa2b4f.png'}",cointelegraph.com,https://cloudfront.cryptocontrol.io/thumbnails/5f7c4a8d7986c600175faf2e-1601981069353.jpg,Report: Europe’s new crypto regulations pose existential questions for DeFi ,https://cryptocontrol.io/r/api/article/5f7c4a8d7986c600175faf2e?ref=5f963694c3be7e001761fc25,329
7,5f7c4a657986c600175faf1e,0.2754403682684286,"[{u'tradingSymbol': u'xrp', u'_id': u'59cb5a047ab17a0b2ec00edf', u'name': u'Ripple', u'slug': u'ripple'}, {u'tradingSymbol': u'XRP', u'_id': u'5de5a582d37160001ab4bdff', u'name': u'XRP', u'slug': u'xrp'}]","The judge threw out some of the claims in the lawsuit but the case can continue based on others relating to allegedly misleading statements by CEO Brad Garlinghouse.
",74166.01423666456,https://static.coindesk.com/wp-content/uploads/2020/06/32362628987_dfe77dfe5b_o-1200x628.jpg,ICO,2020-10-06T10:25:58.000Z,[],"{u'url': u'http://coindesk.com', u'_id': u'59ce11393a44cf289a9a71f5', u'name': u'CoinDesk', u'favicon': u'https://assets.cryptocontrol.io/favicons/59ce11393a44cf289a9a71f5.png'}",coindesk.com,https://cloudfront.cryptocontrol.io/thumbnails/5f7c4a657986c600175faf1e-1601981029772.jpg,Ripple Has Mixed Success in Motion to Dismiss Lawsuit Alleging Securities Fraud - CoinDesk,https://cryptocontrol.io/r/api/article/5f7c4a657986c600175faf1e?ref=5f963694c3be7e001761fc25,416
8,5f7c56117986c600176021b5,0.2449269160281279,"[{u'tradingSymbol': u'TOP', u'_id': u'5e3844aa16c3760019f74f7b', u'name': u'TOP', u'slug': u'top'}, {u'tradingSymbol': u'xrp', u'_id': u'59cb5a047ab17a0b2ec00edf', u'name': u'Ripple', u'slug': u'ripple'}, {u'tradingSymbol': u'pres', u'_id': u'59d8e9a749f28d5610567499', u'name': u'President Trump', u'slug': u'president-trump'}]","Chief Asia Economist at Goldman Sachs said that of all the regions, Asia appears to be the one ‘best positioned’ for economic recovery.",74165.976639879,https://www.coinspeaker.com/wp-content/uploads/2020/10/asia-best-positioned-economic-recovery.jpg,General,2020-10-06T10:23:25.000Z,[],"{u'url': u'https://www.coinspeaker.com/', u'_id': u'5b4b5794c831fd000f6b5152', u'name': u'CoinSpeaker', u'favicon': u'https://assets.cryptocontrol.io/favicons/5b4b5794c831fd000f6b5152.png'}",coinspeaker.com,https://cloudfront.cryptocontrol.io/thumbnails/5f7c56117986c600176021b5-1601984017649.jpg,"Asia Is ‘Best Positioned’ for Economic Recovery, Goldman Sachs Analyst...",https://cryptocontrol.io/r/api/article/5f7c56117986c600176021b5?ref=5f963694c3be7e001761fc25,559
9,5f7c44e221f92500171ce5c8,0.2593308530504217,"[{u'tradingSymbol': u'XRP', u'_id': u'5de5a582d37160001ab4bdff', u'name': u'XRP', u'slug': u'xrp'}, {u'tradingSymbol': u'xrp', u'_id': u'59cb5a047ab17a0b2ec00edf', u'name': u'Ripple', u'slug': u'ripple'}, {u'tradingSymbol': u'ANCT', u'_id': u'5e3844aa16c3760019f74e74', u'name': u'Anchor', u'slug': u'anchor'}, {u'tradingSymbol': u'NET', u'_id': u'5cd36d8270d74700100891ad', u'name': u'NEXT', u'slug': u'next'}, {u'tradingSymbol': u'DTA', u'_id': u'5a7b931102ac032bc99781f1', u'name': u'DATA', u'slug': u'data'}]",Ripple price testing $0.25 resistance Breaking past $0.25 could send Ripple towards $0.30 XRP whales declining Ripple price general overview Ripple price found firm support near the $0.23 price level at the beginning of the month. The XRP/USD pair bounced from this anchor point to kickstart a…,74165.82349751971,https://cryptopolitanimg.s3.amazonaws.com/wp-content/uploads/2020/10/06102045/water-1759703_1280.jpg,Analysis,2020-10-06T09:23:06.000Z,[],"{u'url': u'https://www.cryptopolitan.com/', u'_id': u'5bda96120c38a7001984d502', u'name': u'Cryptopolitan', u'favicon': u'https://assets.cryptocontrol.io/favicons/5bda96120c38a7001984d502.png'}",cryptopolitan.com,https://cloudfront.cryptocontrol.io/thumbnails/5f7c44e221f92500171ce5c8-1601979620316.jpg,Ripple price prediction: Is XRP price aiming for $0.30 next?,https://cryptocontrol.io/r/api/article/5f7c44e221f92500171ce5c8?ref=5f963694c3be7e001761fc25,399
10,5f7c4ae47986c600175fb88a,0.24609379041156565,"[{u'tradingSymbol': u'DTA', u'_id': u'5a7b931102ac032bc99781f1', u'name': u'DATA', u'slug': u'data'}, {u'tradingSymbol': u'xrp', u'_id': u'59cb5a047ab17a0b2ec00edf', u'name': u'Ripple', u'slug': u'ripple'}, {u'tradingSymbol': u'XRP', u'_id': u'5de5a582d37160001ab4bdff', u'name': u'XRP', u'slug': u'xrp'}, {u'tradingSymbol': u'key', u'_id': u'5afcc60ced3b0e000f40d55c', u'name': u'KEY', u'slug': u'key'}, {u'tradingSymbol': u'NET', u'_id': u'5cd36d8270d74700100891ad', u'name': u'NEXT', u'slug': u'next'}, {u'tradingSymbol': u'RALLY', u'_id': u'5e3844a816c3760019f74be2', u'name': u'Rally', u'slug': u'rally'}]","Ripple rallied further 4% and it cleared the main $0.2550 resistance against the US Dollar. XRP price is now showing bullish signs, and dips could find strong bids near $0.2500 or $0.2450. Ripple extended its rally above the $0.2520 and $0.2550 resistance levels against the US dollar. The price…",74165.54729749411,https://www.newsbtc.com/wp-content/uploads/2020/10/shutterstock_170515580.jpg,General,2020-10-06T07:48:26.000Z,[],"{u'url': u'http://www.newsbtc.com', u'_id': u'59d71bd7ef8bf95cc2aaf579', u'name': u'NewsBTC', u'favicon': u'https://assets.cryptocontrol.io/favicons/59d71bd7ef8bf95cc2aaf579.png'}",newsbtc.com,https://cloudfront.cryptocontrol.io/thumbnails/5f7c4ae47986c600175fb88a-1601981157000.jpg,Ripple (XRP) Smashes Key Resistance: Dips Could Be Attractive To The Bulls,https://cryptocontrol.io/r/api/article/5f7c4ae47986c600175fb88a?ref=5f963694c3be7e001761fc25,424
11,5f7c20d657b7dd001c5b604f,0.39236990706541597,"[{u'tradingSymbol': u'BTC', u'_id': u'59cb59e81c073f09e76f614b', u'name': u'Bitcoin', u'slug': u'bitcoin'}, {u'tradingSymbol': u'xrp', u'_id': u'59cb5a047ab17a0b2ec00edf', u'name': u'Ripple', u'slug': u'ripple'}, {u'tradingSymbol': u'BCH', u'_id': u'59d21e9b83a0523906a45daf', u'name': u'Bitcoin Cash', u'slug': u'bitcoin-cash'}, {u'tradingSymbol': u'LTC', u'_id': u'59d21e9b83a0523906a45db0', u'name': u'Litecoin', u'slug': u'litecoin'}, {u'tradingSymbol': u'CS', u'_id': u'5a9b3705a8134644d04a5d85', u'name': u'Credits', u'slug': u'credits'}, {u'tradingSymbol': u'DEFI', u'_id': u'5e3844a816c3760019f74b72', u'name': u'Defi', u'slug': u'defi'}, {u'tradingSymbol': u'BLT', u'_id': u'5a7b930b02ac032bc9978197', u'name': u'Bloom', u'slug': u'bloomtoken'}, {u'tradingSymbol': u'DEX', u'_id': u'5be61f883c4bad00168c1da8', u'name': u'DEX', u'slug': u'dex'}, {u'tradingSymbol': u'DTA', u'_id': u'5a7b931102ac032bc99781f1', u'name': u'DATA', u'slug': u'data'}, {u'tradingSymbol': u'XMR', u'_id': u'59d21e9b83a0523906a45db5', u'name': u'Monero', u'slug': u'monero'}, {u'tradingSymbol': u'ETH', u'_id': u'59cb59f9b0836b0a63aebc7c', u'name': u'Ethereum', u'slug': u'ethereum'}, {u'tradingSymbol': u'TOP', u'_id': u'5e3844aa16c3760019f74f7b', u'name': u'TOP', u'slug': u'top'}, {u'tradingSymbol': u'BIT', u'_id': u'59d8e9a849f28d56105674fd', u'name': u'First Bitcoin', u'slug': u'first-bitcoin'}, {u'tradingSymbol': u'READ', u'_id': u'5a7b931502ac032bc997822c', u'name': u'Read', u'slug': u'read'}]","John McAfee has been arrested and indicted for tax evasion, the U.S. Department of Justice announced. The cybersecurity entrepreneur has also been charged with fraudulently pumping cryptocurrencies by the U.S. Securities and Exchange Commission. McAfee Fraudulently Pumped Tokens The U.S. Department…",74165.64412916632,https://news.bitcoin.com/wp-content/uploads/2019/03/mcafee-arrested.png,General,2020-10-06T07:30:38.000Z,[],"{u'url': u'https://news.bitcoin.com/', u'_id': u'59d71c67ef8bf95cc2ab0147', u'name': u'Bitcoin.com', u'favicon': u'https://assets.cryptocontrol.io/favicons/59d71c67ef8bf95cc2ab0147.png'}",news.bitcoin.com,https://cloudfront.cryptocontrol.io/thumbnails/5f7c20d657b7dd001c5b604f-1601970390674.png,"John McAfee Arrested, Indicted for $23 Million Illegal Crypto Pumping and Tax Evasion in US",https://cryptocontrol.io/r/api/article/5f7c20d657b7dd001c5b604f?ref=5f963694c3be7e001761fc25,2334
12,5f7c18a557b7dd001c5b1535,0.27664416612437653,"[{u'tradingSymbol': u'XRP', u'_id': u'5de5a582d37160001ab4bdff', u'name': u'XRP', u'slug': u'xrp'}, {u'tradingSymbol': u'xrp', u'_id': u'59cb5a047ab17a0b2ec00edf', u'name': u'Ripple', u'slug': u'ripple'}, {u'tradingSymbol': u'BTC', u'_id': u'59cb59e81c073f09e76f614b', u'name': u'Bitcoin', u'slug': u'bitcoin'}, {u'tradingSymbol': u'NET', u'_id': u'5cd36d8270d74700100891ad', u'name': u'NEXT', u'slug': u'next'}, {u'tradingSymbol': u'BOOM', u'_id': u'5e3844a916c3760019f74d82', u'name': u'BOOM', u'slug': u'boom'}]","There are all kinds of bullish predictions these days regarding the price of Bitcoin but also the one of some altcoins. Ripple has been making a lot of headlines recently and XRP as well. As you probably know by now, Ripple has been struggling to boost the whole XRP ecosystem, but also to push the…",74165.40261638834,https://cryptogazette.com/adminlogin/uploads/2020/09/sunset-road-5-scaled.jpg,Analysis,2020-10-06T06:45:21.000Z,[],"{u'url': u'https://oracletimes.com/', u'_id': u'5bac83ff0c38a70019d8ffd9', u'name': u'Oracle Times', u'favicon': u'https://assets.cryptocontrol.io/favicons/5bac83ff0c38a70019d8ffd9.png'}",,https://cloudfront.cryptocontrol.io/thumbnails/5f7c18a557b7dd001c5b1535-1601968293678.jpg,"Ripple Bullish Prediction: XRP To Surge By 12,900% In The Next Bitcoin Boom Cycle",https://cryptocontrol.io/r/api/article/5f7c18a557b7dd001c5b1535?ref=5f963694c3be7e001761fc25,330
13,5f7c0bb34bce5400172943e3,0.38942531046041373,"[{u'tradingSymbol': u'BTC', u'_id': u'59cb59e81c073f09e76f614b', u'name': u'Bitcoin', u'slug': u'bitcoin'}, {u'tradingSymbol': u'casino', u'_id': u'59d8e9a749f28d561056731d', u'name': u'Casino', u'slug': u'casino'}, {u'tradingSymbol': u'DTA', u'_id': u'5a7b931102ac032bc99781f1', u'name': u'DATA', u'slug': u'data'}, {u'tradingSymbol': u'oio', u'_id': u'5c05c3873c4bad0016c2504d', u'name': u'Online', u'slug': u'online'}, {u'tradingSymbol': u'xrp', u'_id': u'59cb5a047ab17a0b2ec00edf', u'name': u'Ripple', u'slug': u'ripple'}, {u'tradingSymbol': u'BCH', u'_id': u'59d21e9b83a0523906a45daf', u'name': u'Bitcoin Cash', u'slug': u'bitcoin-cash'}, {u'tradingSymbol': u'LTC', u'_id': u'59d21e9b83a0523906a45db0', u'name': u'Litecoin', u'slug': u'litecoin'}, {u'tradingSymbol': u'DEFI', u'_id': u'5e3844a816c3760019f74b72', u'name': u'Defi', u'slug': u'defi'}, {u'tradingSymbol': u'BLT', u'_id': u'5a7b930b02ac032bc9978197', u'name': u'Bloom', u'slug': u'bloomtoken'}, {u'tradingSymbol': u'DEX', u'_id': u'5be61f883c4bad00168c1da8', u'name': u'DEX', u'slug': u'dex'}, {u'tradingSymbol': u'ETH', u'_id': u'59cb59f9b0836b0a63aebc7c', u'name': u'Ethereum', u'slug': u'ethereum'}, {u'tradingSymbol': u'XMR', u'_id': u'59d21e9b83a0523906a45db5', u'name': u'Monero', u'slug': u'monero'}, {u'tradingSymbol': u'BIT', u'_id': u'59d8e9a849f28d56105674fd', u'name': u'First Bitcoin', u'slug': u'first-bitcoin'}, {u'tradingSymbol': u'TOP', u'_id': u'5e3844aa16c3760019f74f7b', u'name': u'TOP', u'slug': u'top'}, {u'tradingSymbol': u'READ', u'_id': u'5a7b931502ac032bc997822c', u'name': u'Read', u'slug': u'read'}]","Have you been looking for an online gaming platform you can trust with your digital assets and that won’t bother you with cumbersome identification procedures? Wolf.bet is a 100% provably fair gambling casino supporting multiple cryptocurrencies, without KYC and a great lineup of additional…",74165.39058271787,https://news.bitcoin.com/wp-content/uploads/2020/09/cup-header.jpg,General,2020-10-06T06:00:25.000Z,[],"{u'url': u'https://news.bitcoin.com/', u'_id': u'59d71c67ef8bf95cc2ab0147', u'name': u'Bitcoin.com', u'favicon': u'https://assets.cryptocontrol.io/favicons/59d71c67ef8bf95cc2ab0147.png'}",news.bitcoin.com,https://cloudfront.cryptocontrol.io/thumbnails/5f7c0bb34bce5400172943e3-1601964979809.jpg,Wolf.bet Is a Provably Fair Gambling Casino Supporting Multiple Cryptocurrencies,https://cryptocontrol.io/r/api/article/5f7c0bb34bce5400172943e3?ref=5f963694c3be7e001761fc25,1891
14,5f7b92abd107e40019b97c9f,0.2593308530504217,"[{u'tradingSymbol': u'xrp', u'_id': u'59cb5a047ab17a0b2ec00edf', u'name': u'Ripple', u'slug': u'ripple'}, {u'tradingSymbol': u'XRP', u'_id': u'5de5a582d37160001ab4bdff', u'name': u'XRP', u'slug': u'xrp'}]","Chief Executive Office of Ripple Labs, Brad Garlinghouse announced in a tweet today the firm appointed two “longtime Ripplers” as General Managers of RippleNet and RippleX (previously Xpring) in an effort to evolve the brand and support Ripple’s “growing” customers. Calling it a “fresh take” on the…",74163.76030307527,https://engamb.sfo2.digitaloceanspaces.com/wp-content/uploads/2020/10/06013743/EE1468C2-2EB1-4227-882E-B0A7E7E30542.jpeg,Analysis,2020-10-05T21:00:21.000Z,[],"{u'url': u'https://ambcrypto.com/', u'_id': u'5b4b57d8c831fd000f6b7e16', u'name': u'AMB Crypto', u'favicon': u'https://assets.cryptocontrol.io/favicons/5b4b57d8c831fd000f6b7e16.png'}",eng.ambcrypto.com,https://cloudfront.cryptocontrol.io/thumbnails/5f7b92abd107e40019b97c9f-1601933995773.jpeg,Ripple CEO names execs to build on ledger tech and XRP liquidity,https://cryptocontrol.io/r/api/article/5f7b92abd107e40019b97c9f?ref=5f963694c3be7e001761fc25,201
15,5f7bb0627209df00181ff063,0.30719132752590445,"[{u'tradingSymbol': u'key', u'_id': u'5afcc60ced3b0e000f40d55c', u'name': u'KEY', u'slug': u'key'}, {u'tradingSymbol': u'BTC', u'_id': u'59cb59e81c073f09e76f614b', u'name': u'Bitcoin', u'slug': u'bitcoin'}, {u'tradingSymbol': u'XRP', u'_id': u'5de5a582d37160001ab4bdff', u'name': u'XRP', u'slug': u'xrp'}, {u'tradingSymbol': u'alt', u'_id': u'59d21e9b83a0523906a45f2b', u'name': u'Altcoin', u'slug': u'altcoin-alt'}, {u'tradingSymbol': u'USDT', u'_id': u'59d21e9b83a0523906a45dbe', u'name': u'Tether', u'slug': u'tether'}, {u'tradingSymbol': u'xrp', u'_id': u'59cb5a047ab17a0b2ec00edf', u'name': u'Ripple', u'slug': u'ripple'}]","XRP continues to lag behind the rest of the crypto market, including Bitcoin and Ethereum. It has resulted in the altcoin losing the third-ranked spot to the stablecoin Tether. But all that’s soon going to change, according to one crypto analyst, who says Ripple will soon leave the rest of the…",74163.64265429048,https://www.newsbtc.com/wp-content/uploads/2020/10/xrp-ripple-bitcoin-tether-Depositphotos_2988211_xl-2015-scaled.jpg,Analysis,2020-10-05T20:00:46.000Z,[],"{u'url': u'http://www.newsbtc.com', u'_id': u'59d71bd7ef8bf95cc2aaf579', u'name': u'NewsBTC', u'favicon': u'https://assets.cryptocontrol.io/favicons/59d71bd7ef8bf95cc2aaf579.png'}",newsbtc.com,https://cloudfront.cryptocontrol.io/thumbnails/5f7bb0627209df00181ff063-1601941602379.jpg,XRP Up-Move To Leave Bitcoin And Tether Traders “Sidelined”,https://cryptocontrol.io/r/api/article/5f7bb0627209df00181ff063?ref=5f963694c3be7e001761fc25,312
16,5f7b72caa856440017597bd9,0.2585145219865056,"[{u'tradingSymbol': u'BTC', u'_id': u'59cb59e81c073f09e76f614b', u'name': u'Bitcoin', u'slug': u'bitcoin'}, {u'tradingSymbol': u'xrp', u'_id': u'59cb5a047ab17a0b2ec00edf', u'name': u'Ripple', u'slug': u'ripple'}, {u'tradingSymbol': u'XRP', u'_id': u'5de5a582d37160001ab4bdff', u'name': u'XRP', u'slug': u'xrp'}, {u'tradingSymbol': u'CAG', u'_id': u'5a1aafdbda3d21115462ee14', u'name': u'Change', u'slug': u'change'}, {u'tradingSymbol': u'NET', u'_id': u'5cd36d8270d74700100891ad', u'name': u'NEXT', u'slug': u'next'}]","Ripple’s native digital currency XRP which is the fourth-largest cryptocurrency in the world by market capitalization is looking for a major breakout for the past several weeks. However, the coin has not found any success so far. But it has been on a movement during the last 24 hours as the price…",74163.45180155903,https://tokenhell.com/wp-content/uploads/ripple-3.png,Analysis,2020-10-05T19:09:35.000Z,[],"{u'url': u'https://tokenhell.com/', u'_id': u'5d79ee2e26ceed001aa0514b', u'name': u'Tokenhell', u'favicon': u'https://assets.cryptocontrol.io/favicons/5d79ee2e26ceed001aa0514b.png'}",tokenhell.com,https://cloudfront.cryptocontrol.io/thumbnails/5f7b72caa856440017597bd9-1601925834537.png,Ripple Price Analysis: XRP Price Finally Records 8%...,https://cryptocontrol.io/r/api/article/5f7b72caa856440017597bd9?ref=5f963694c3be7e001761fc25,403
17,5f7b63657565150017087e82,0.24951487660319727,"[{u'tradingSymbol': u'xrp', u'_id': u'59cb5a047ab17a0b2ec00edf', u'name': u'Ripple', u'slug': u'ripple'}]","Coun. Kevin Klein (Charleswood - Tuxedo - Westwood) is putting forward a motion for a 10 per cent reduction in property and business taxes for the city’s restaurants, which he said are among the hardest hit by the economic ripple effects of COVID-19.",74163.16201487661,https://i.cbc.ca/1.5750828.1601918236!/fileImage/httpImage/image.jpg_gen/derivatives/16x9_620/kevin-klein.jpg,General,2020-10-05T17:28:30.000Z,[],"{u'url': u'http://www.cbc.ca', u'_id': u'5b03100d311c75000f143900', u'name': u'CBC News', u'favicon': u'https://assets.cryptocontrol.io/favicons/5b03100d311c75000f143900.png'}",cbc.ca,https://cloudfront.cryptocontrol.io/thumbnails/5f7b63657565150017087e82-1601921893588.jpg,"Give restaurants hit hard by pandemic a tax break, Winnipeg city councillor proposes",https://cryptocontrol.io/r/api/article/5f7b63657565150017087e82?ref=5f963694c3be7e001761fc25,43
18,5f7b5508756515001707fb08,0.2642872688520338,"[{u'tradingSymbol': u'XRP', u'_id': u'5de5a582d37160001ab4bdff', u'name': u'XRP', u'slug': u'xrp'}, {u'tradingSymbol': u'xrp', u'_id': u'59cb5a047ab17a0b2ec00edf', u'name': u'Ripple', u'slug': u'ripple'}, {u'tradingSymbol': u'ETH', u'_id': u'59cb59f9b0836b0a63aebc7c', u'name': u'Ethereum', u'slug': u'ethereum'}, {u'tradingSymbol': u'BTC', u'_id': u'59cb59e81c073f09e76f614b', u'name': u'Bitcoin', u'slug': u'bitcoin'}]","While the collective market struggles to cope with the recent bearish outcome, XRP was relatively bullish over the past 24-hours. Since 10:00 UTC on 4th October, XRP is up by 8.71 percent. While a slight pullback was observed, the price was back above immediate support of $0.249. A recent Santiment…",74163.09891689848,https://engamb.sfo2.digitaloceanspaces.com/wp-content/uploads/2020/10/05195921/african-4477530_1920-e1601908179844.jpg,General,2020-10-05T17:00:28.000Z,[],"{u'url': u'https://ambcrypto.com/', u'_id': u'5b4b57d8c831fd000f6b7e16', u'name': u'AMB Crypto', u'favicon': u'https://assets.cryptocontrol.io/favicons/5b4b57d8c831fd000f6b7e16.png'}",eng.ambcrypto.com,https://cloudfront.cryptocontrol.io/thumbnails/5f7b5508756515001707fb08-1601918216266.jpg,XRP’s fortune can be reversed if this happens,https://cryptocontrol.io/r/api/article/5f7b5508756515001707fb08?ref=5f963694c3be7e001761fc25,428
19,5f7b586775651500170822f3,0.25432981099295554,"[{u'tradingSymbol': u'XRP', u'_id': u'5de5a582d37160001ab4bdff', u'name': u'XRP', u'slug': u'xrp'}, {u'tradingSymbol': u'alt', u'_id': u'59d21e9b83a0523906a45f2b', u'name': u'Altcoin', u'slug': u'altcoin-alt'}, {u'tradingSymbol': u'BTC', u'_id': u'59cb59e81c073f09e76f614b', u'name': u'Bitcoin', u'slug': u'bitcoin'}, {u'tradingSymbol': u'xrp', u'_id': u'59cb5a047ab17a0b2ec00edf', u'name': u'Ripple', u'slug': u'ripple'}]",XRP is on the rise following a new job opening at Ripple that is set to boost the utility of the XRP Ledger. ,74163.08220018136,https://cryptobriefing.com/wp-content/uploads/2020/10/XRP-Job-Listing-cover.png,Exchanges,2020-10-05T16:58:02.000Z,[],"{u'url': u'https://cryptobriefing.com/', u'_id': u'5badd3ca0c38a70019e41912', u'name': u'Crypto Briefing', u'favicon': u'https://assets.cryptocontrol.io/favicons/5badd3ca0c38a70019e41912.png'}",cryptobriefing.com,https://cloudfront.cryptocontrol.io/thumbnails/5f7b586775651500170822f3-1601919079884.png,XRP on the Move After Job Listing Reveals New Exchange Platform,https://cryptocontrol.io/r/api/article/5f7b586775651500170822f3?ref=5f963694c3be7e001761fc25,660
20,5f7b47762bfc9b0019bf7384,0.3129421473984857,"[{u'tradingSymbol': u'BNB', u'_id': u'59d21e9b83a0523906a45dd4', u'name': u'Binance Coin', u'slug': u'binance-coin'}, {u'tradingSymbol': u'ETH', u'_id': u'59cb59f9b0836b0a63aebc7c', u'name': u'Ethereum', u'slug': u'ethereum'}, {u'tradingSymbol': u'XMR', u'_id': u'59d21e9b83a0523906a45db5', u'name': u'Monero', u'slug': u'monero'}, {u'tradingSymbol': u'DEX', u'_id': u'5be61f883c4bad00168c1da8', u'name': u'DEX', u'slug': u'dex'}, {u'tradingSymbol': u'BTC', u'_id': u'59cb59e81c073f09e76f614b', u'name': u'Bitcoin', u'slug': u'bitcoin'}, {u'tradingSymbol': u'TOP', u'_id': u'5e3844aa16c3760019f74f7b', u'name': u'TOP', u'slug': u'top'}, {u'tradingSymbol': u'ZIL', u'_id': u'5a7b930702ac032bc9978165', u'name': u'Zilliqa', u'slug': u'zilliqa'}, {u'tradingSymbol': u'xrp', u'_id': u'59cb5a047ab17a0b2ec00edf', u'name': u'Ripple', u'slug': u'ripple'}, {u'tradingSymbol': u'XRP', u'_id': u'5de5a582d37160001ab4bdff', u'name': u'XRP', u'slug': u'xrp'}]","Even in the past, these phases were suddenly interrupted by explosive movements",74162.91474770296,https://en.cryptonomist.ch/wp-content/uploads/2020/10/crypto.jpg,General,2020-10-05T15:36:39.000Z,[],"{u'url': u'https://cryptonomist.ch/en/', u'_id': u'5cfa747b28d54f001058f77e', u'name': u'The Cryptonomist ', u'favicon': u'https://assets.cryptocontrol.io/favicons/5cfa747b28d54f001058f77e.png'}",en.cryptonomist.ch,https://cloudfront.cryptocontrol.io/thumbnails/5f7b47762bfc9b0019bf7384-1601914742378.jpg,Cryptocurrency between low volumes and low volatility,https://cryptocontrol.io/r/api/article/5f7b47762bfc9b0019bf7384?ref=5f963694c3be7e001761fc25,693
21,5f7b32fd4a573f001a6cd04d,0.2534714366238164,"[{u'tradingSymbol': u'XRP', u'_id': u'5de5a582d37160001ab4bdff', u'name': u'XRP', u'slug': u'xrp'}, {u'tradingSymbol': u'xrp', u'_id': u'59cb5a047ab17a0b2ec00edf', u'name': u'Ripple', u'slug': u'ripple'}, {u'tradingSymbol': u'TOP', u'_id': u'5e3844aa16c3760019f74f7b', u'name': u'TOP', u'slug': u'top'}, {u'tradingSymbol': u'CAG', u'_id': u'5a1aafdbda3d21115462ee14', u'name': u'Change', u'slug': u'change'}, {u'tradingSymbol': u'SHIFT', u'_id': u'59d21e9b83a0523906a45e6e', u'name': u'Shift', u'slug': u'shift'}]","Notwithstanding the current XRP gains, year-to-date metrics show that the crypto is underperforming",74162.63541588106,https://coinjournal.net/wp-content/uploads/2020/10/01-Charts.jpg,General,2020-10-05T14:17:30.000Z,[],"{u'url': u'http://coinjournal.net', u'_id': u'59d71bc4ef8bf95cc2aaf570', u'name': u'CoinJournal', u'favicon': u'https://assets.cryptocontrol.io/favicons/59d71bc4ef8bf95cc2aaf570.png'}",coinjournal.net,https://cloudfront.cryptocontrol.io/thumbnails/5f7b32fd4a573f001a6cd04d-1601909502002.jpg,Ripple (XRP) recovering after posting a 6% upswing,https://cryptocontrol.io/r/api/article/5f7b32fd4a573f001a6cd04d?ref=5f963694c3be7e001761fc25,319
22,5f7b2feeb74dc60017477616,0.2564440546503365,"[{u'tradingSymbol': u'XRP', u'_id': u'5de5a582d37160001ab4bdff', u'name': u'XRP', u'slug': u'xrp'}, {u'tradingSymbol': u'xrp', u'_id': u'59cb5a047ab17a0b2ec00edf', u'name': u'Ripple', u'slug': u'ripple'}, {u'tradingSymbol': u'key', u'_id': u'5afcc60ced3b0e000f40d55c', u'name': u'KEY', u'slug': u'key'}, {u'tradingSymbol': u'CHX', u'_id': u'5b7ca78b0c38a700190ebdff', u'name': u'Own', u'slug': u'own'}, {u'tradingSymbol': u'BTC', u'_id': u'59cb59e81c073f09e76f614b', u'name': u'Bitcoin', u'slug': u'bitcoin'}]","XRP surged by a total of 8% today to climb above the resistance at the 100-days EMA and reach the current $0.252 level. Against Bitcoin, XRP finally penetrated above a 2-month-old falling trend line.
",74162.55056442502,https://cryptopotato.com/wp-content/uploads/2020/10/xrpusd-daily-oct5.png,General,2020-10-05T13:45:53.000Z,[],"{u'url': u'https://cryptopotato.com/', u'_id': u'5ce406880175730010f47558', u'name': u'Crypto Potato', u'favicon': u'https://assets.cryptocontrol.io/favicons/5ce406880175730010f47558.png'}",cryptopotato.com,,"XRP Price Analysis: Ripple Soars 8% On The Daily, Is $0.30 Next?",https://cryptocontrol.io/r/api/article/5f7b2feeb74dc60017477616?ref=5f963694c3be7e001761fc25,476
23,5f7b0fd73225db001a06964d,0.37232671669070705,"[{u'tradingSymbol': u'BTC', u'_id': u'59cb59e81c073f09e76f614b', u'name': u'Bitcoin', u'slug': u'bitcoin'}, {u'tradingSymbol': u'DTA', u'_id': u'5a7b931102ac032bc99781f1', u'name': u'DATA', u'slug': u'data'}, {u'tradingSymbol': u'xrp', u'_id': u'59cb5a047ab17a0b2ec00edf', u'name': u'Ripple', u'slug': u'ripple'}, {u'tradingSymbol': u'BCH', u'_id': u'59d21e9b83a0523906a45daf', u'name': u'Bitcoin Cash', u'slug': u'bitcoin-cash'}, {u'tradingSymbol': u'LTC', u'_id': u'59d21e9b83a0523906a45db0', u'name': u'Litecoin', u'slug': u'litecoin'}, {u'tradingSymbol': u'DEFI', u'_id': u'5e3844a816c3760019f74b72', u'name': u'Defi', u'slug': u'defi'}, {u'tradingSymbol': u'DEX', u'_id': u'5be61f883c4bad00168c1da8', u'name': u'DEX', u'slug': u'dex'}, {u'tradingSymbol': u'BIT', u'_id': u'59d8e9a849f28d56105674fd', u'name': u'First Bitcoin', u'slug': u'first-bitcoin'}, {u'tradingSymbol': u'XMR', u'_id': u'59d21e9b83a0523906a45db5', u'name': u'Monero', u'slug': u'monero'}, {u'tradingSymbol': u'TOP', u'_id': u'5e3844aa16c3760019f74f7b', u'name': u'TOP', u'slug': u'top'}, {u'tradingSymbol': u'ETH', u'_id': u'59cb59f9b0836b0a63aebc7c', u'name': u'Ethereum', u'slug': u'ethereum'}, {u'tradingSymbol': u'READ', u'_id': u'5a7b931502ac032bc997822c', u'name': u'Read', u'slug': u'read'}]","Announced earlier this week, the two companies said the deal is expected to be finalized immediately, without disclosing the financial terms. BOA Exchange is a crypto exchange that has accumulated a vast user base, offering free alt tokens in airdrops and staking coins. The deal further expands the…",74162.37385449446,https://news.bitcoin.com/wp-content/uploads/2020/10/f9dafc1a-c56d-4e59-8256-648ad74ca861.jpeg,General,2020-10-05T12:00:33.000Z,[],"{u'url': u'https://news.bitcoin.com/', u'_id': u'59d71c67ef8bf95cc2ab0147', u'name': u'Bitcoin.com', u'favicon': u'https://assets.cryptocontrol.io/favicons/59d71c67ef8bf95cc2ab0147.png'}",news.bitcoin.com,https://cloudfront.cryptocontrol.io/thumbnails/5f7b0fd73225db001a06964d-1601900504066.jpeg,Bitcoin.com Exchange Acquires BOA Exchange To Reach New Markets,https://cryptocontrol.io/r/api/article/5f7b0fd73225db001a06964d?ref=5f963694c3be7e001761fc25,1195
24,5f7b330d4a573f001a6cd055,0.2583093937094499,"[{u'tradingSymbol': u'XRP', u'_id': u'5de5a582d37160001ab4bdff', u'name': u'XRP', u'slug': u'xrp'}, {u'tradingSymbol': u'RALLY', u'_id': u'5e3844a816c3760019f74be2', u'name': u'Rally', u'slug': u'rally'}, {u'tradingSymbol': u'xrp', u'_id': u'59cb5a047ab17a0b2ec00edf', u'name': u'Ripple', u'slug': u'ripple'}, {u'tradingSymbol': u'SNT', u'_id': u'59d21e9b83a0523906a45de5', u'name': u'Status', u'slug': u'status'}, {u'tradingSymbol': u'RED', u'_id': u'5b0600845d27780010d289f3', u'name': u'RED', u'slug': u'red'}]","XRP emerged as the best-performing cryptocurrency in the last 24 hours after staying quiet for weeks. The fourth-largest crypto added up to $0.02, or 9.28 percent, to establish an intraday high at $0.254. While the gains appeared almost in sync with the rest of the cryptocurrency market, they…",74162.09650383815,https://www.newsbtc.com/wp-content/uploads/2020/10/Depositphotos_414034924_s-2019.jpg,Analysis,2020-10-05T11:01:45.000Z,[],"{u'url': u'http://www.newsbtc.com', u'_id': u'59d71bd7ef8bf95cc2aaf579', u'name': u'NewsBTC', u'favicon': u'https://assets.cryptocontrol.io/favicons/59d71bd7ef8bf95cc2aaf579.png'}",newsbtc.com,https://cloudfront.cryptocontrol.io/thumbnails/5f7b330d4a573f001a6cd055-1601909517479.jpg,Analyst Explains Why Latest XRP Price Rally May Fizzle Ahead,https://cryptocontrol.io/r/api/article/5f7b330d4a573f001a6cd055?ref=5f963694c3be7e001761fc25,423
25,5f7b01e8285519001cf284c7,0.37226103524335397,"[{u'tradingSymbol': u'BTC', u'_id': u'59cb59e81c073f09e76f614b', u'name': u'Bitcoin', u'slug': u'bitcoin'}, {u'tradingSymbol': u'xrp', u'_id': u'59cb5a047ab17a0b2ec00edf', u'name': u'Ripple', u'slug': u'ripple'}, {u'tradingSymbol': u'BCH', u'_id': u'59d21e9b83a0523906a45daf', u'name': u'Bitcoin Cash', u'slug': u'bitcoin-cash'}, {u'tradingSymbol': u'LTC', u'_id': u'59d21e9b83a0523906a45db0', u'name': u'Litecoin', u'slug': u'litecoin'}, {u'tradingSymbol': u'DEFI', u'_id': u'5e3844a816c3760019f74b72', u'name': u'Defi', u'slug': u'defi'}, {u'tradingSymbol': u'DEX', u'_id': u'5be61f883c4bad00168c1da8', u'name': u'DEX', u'slug': u'dex'}, {u'tradingSymbol': u'DTA', u'_id': u'5a7b931102ac032bc99781f1', u'name': u'DATA', u'slug': u'data'}, {u'tradingSymbol': u'XMR', u'_id': u'59d21e9b83a0523906a45db5', u'name': u'Monero', u'slug': u'monero'}, {u'tradingSymbol': u'BIT', u'_id': u'59d8e9a849f28d56105674fd', u'name': u'First Bitcoin', u'slug': u'first-bitcoin'}, {u'tradingSymbol': u'TOP', u'_id': u'5e3844aa16c3760019f74f7b', u'name': u'TOP', u'slug': u'top'}, {u'tradingSymbol': u'ETH', u'_id': u'59cb59f9b0836b0a63aebc7c', u'name': u'Ethereum', u'slug': u'ethereum'}, {u'tradingSymbol': u'READ', u'_id': u'5a7b931502ac032bc997822c', u'name': u'Read', u'slug': u'read'}]","The U.S. Department of the Treasury’s Office of Foreign Assets Control (OFAC) recently issued an advisory highlighting the sanctions risk American citizens face if they help facilitate ransomware payments. In the advisory, the OFAC says it will “continue to impose sanctions on those who materially…",74162.1940665908,https://news.bitcoin.com/wp-content/uploads/2020/10/2d3dcd02-819a-466a-b339-540804f28079.jpeg,General,2020-10-05T10:55:51.000Z,[],"{u'url': u'https://news.bitcoin.com/', u'_id': u'59d71c67ef8bf95cc2ab0147', u'name': u'Bitcoin.com', u'favicon': u'https://assets.cryptocontrol.io/favicons/59d71c67ef8bf95cc2ab0147.png'}",news.bitcoin.com,https://cloudfront.cryptocontrol.io/thumbnails/5f7b01e8285519001cf284c7-1601896936599.jpeg,OFAC Warns Americans Against Facilitating Ransomware Payments,https://cryptocontrol.io/r/api/article/5f7b01e8285519001cf284c7?ref=5f963694c3be7e001761fc25,1707
26,5f7af6fe7ff380001911fcd6,0.271918877639322,"[{u'tradingSymbol': u'XRP', u'_id': u'5de5a582d37160001ab4bdff', u'name': u'XRP', u'slug': u'xrp'}, {u'tradingSymbol': u'xrp', u'_id': u'59cb5a047ab17a0b2ec00edf', u'name': u'Ripple', u'slug': u'ripple'}, {u'tradingSymbol': u'SAFE', u'_id': u'5e3844a916c3760019f74d48', u'name': u'Safe', u'slug': u'safe'}, {u'tradingSymbol': u'SHA', u'_id': u'5e3844aa16c3760019f74e18', u'name': u'Safe Haven', u'slug': u'safe-haven'}, {u'tradingSymbol': u'NET', u'_id': u'5cd36d8270d74700100891ad', u'name': u'NEXT', u'slug': u'next'}, {u'tradingSymbol': u'BTC', u'_id': u'59cb59e81c073f09e76f614b', u'name': u'Bitcoin', u'slug': u'bitcoin'}]","According to the crypto analyst, Credible Crypto, XRP is poised to rally and trade between $20 and $30 in the next bull rally. ",74161.98557628505,https://www.coinspeaker.com/wp-content/uploads/2020/10/xrp-next-bull-run-credible-crypto.jpg,Analysis,2020-10-05T10:16:55.000Z,[],"{u'url': u'https://www.coinspeaker.com/', u'_id': u'5b4b5794c831fd000f6b5152', u'name': u'CoinSpeaker', u'favicon': u'https://assets.cryptocontrol.io/favicons/5b4b5794c831fd000f6b5152.png'}",coinspeaker.com,https://cloudfront.cryptocontrol.io/thumbnails/5f7af6fe7ff380001911fcd6-1601894142871.jpg,"XRP Price to Reach $20-$30 in Next Bull Run, Predicts Credible...",https://cryptocontrol.io/r/api/article/5f7af6fe7ff380001911fcd6?ref=5f963694c3be7e001761fc25,519
27,5f7ae1b0fbcf84001954d206,0.3218115936367596,"[{u'tradingSymbol': u'xrp', u'_id': u'59cb5a047ab17a0b2ec00edf', u'name': u'Ripple', u'slug': u'ripple'}, {u'tradingSymbol': u'NET', u'_id': u'5cd36d8270d74700100891ad', u'name': u'NEXT', u'slug': u'next'}, {u'tradingSymbol': u'ADA', u'_id': u'59d21e9b83a0523906a45dbc', u'name': u'Cardano', u'slug': u'cardano'}, {u'tradingSymbol': u'BTC', u'_id': u'59cb59e81c073f09e76f614b', u'name': u'Bitcoin', u'slug': u'bitcoin'}, {u'tradingSymbol': u'key', u'_id': u'5afcc60ced3b0e000f40d55c', u'name': u'KEY', u'slug': u'key'}, {u'tradingSymbol': u'XRP', u'_id': u'5de5a582d37160001ab4bdff', u'name': u'XRP', u'slug': u'xrp'}, {u'tradingSymbol': u'ZIL', u'_id': u'5a7b930702ac032bc9978165', u'name': u'Zilliqa', u'slug': u'zilliqa'}, {u'tradingSymbol': u'TOP', u'_id': u'5e3844aa16c3760019f74f7b', u'name': u'TOP', u'slug': u'top'}]","Although there’s been a general price plunge since yesterday, very few altcoins are trying to nurture a bullish trend. While Bitcoin strides between the $10,500 and $10,700 area, ETH seems to have taken a little break and sits around $350 instead.  Many other altcoins have plunged by some…",74161.66486714919,https://coinpedia.org/wp-content/uploads/2020/10/Price-analysis-crypto.webp,Analysis,2020-10-05T08:03:30.000Z,[],"{u'url': u'https://coinpedia.org/', u'_id': u'5bf00e7e3c4bad0016748067', u'name': u'Coinpedia', u'favicon': u'https://assets.cryptocontrol.io/favicons/5bf00e7e3c4bad0016748067.png'}",coinpedia.org,https://cloudfront.cryptocontrol.io/thumbnails/5f7ae1b0fbcf84001954d206-1601888689962.webp,"ZIL Price Stands Top Among Today’s Gainers, XRP and ADA Follow The Bulls",https://cryptocontrol.io/r/api/article/5f7ae1b0fbcf84001954d206?ref=5f963694c3be7e001761fc25,535
28,5f7af3ac7ff380001911e2c3,0.24996230464268943,"[{u'tradingSymbol': u'DTA', u'_id': u'5a7b931102ac032bc99781f1', u'name': u'DATA', u'slug': u'data'}, {u'tradingSymbol': u'xrp', u'_id': u'59cb5a047ab17a0b2ec00edf', u'name': u'Ripple', u'slug': u'ripple'}, {u'tradingSymbol': u'XRP', u'_id': u'5de5a582d37160001ab4bdff', u'name': u'XRP', u'slug': u'xrp'}, {u'tradingSymbol': u'RALLY', u'_id': u'5e3844a816c3760019f74be2', u'name': u'Rally', u'slug': u'rally'}, {u'tradingSymbol': u'key', u'_id': u'5afcc60ced3b0e000f40d55c', u'name': u'KEY', u'slug': u'key'}, {u'tradingSymbol': u'NET', u'_id': u'5cd36d8270d74700100891ad', u'name': u'NEXT', u'slug': u'next'}]",Ripple is up over 6% and it climbed higher above the $0.2450 resistance against the US Dollar. XRP price is still struggling to clear the key $0.2550 resistance zone. Ripple gained bullish momentum and surged above $0.2450 against the US dollar. The price ran into the main $0.2550 resistance and…,74161.55199934168,https://www.newsbtc.com/wp-content/uploads/2020/10/shutterstock_552258877.jpg,Analysis,2020-10-05T07:48:44.000Z,[],"{u'url': u'http://www.newsbtc.com', u'_id': u'59d71bd7ef8bf95cc2aaf579', u'name': u'NewsBTC', u'favicon': u'https://assets.cryptocontrol.io/favicons/59d71bd7ef8bf95cc2aaf579.png'}",newsbtc.com,https://cloudfront.cryptocontrol.io/thumbnails/5f7af3ac7ff380001911e2c3-1601893292749.jpg,Ripple (XRP) Price Rally Runs Into Significant Resistance: $0.255 Holds The Key,https://cryptocontrol.io/r/api/article/5f7af3ac7ff380001911e2c3?ref=5f963694c3be7e001761fc25,438
29,5f7acb33008ac200175606ed,0.25748464676644817,"[{u'tradingSymbol': u'xrp', u'_id': u'59cb5a047ab17a0b2ec00edf', u'name': u'Ripple', u'slug': u'ripple'}, {u'tradingSymbol': u'XRP', u'_id': u'5de5a582d37160001ab4bdff', u'name': u'XRP', u'slug': u'xrp'}, {u'tradingSymbol': u'rcd', u'_id': u'5b4be006c831fd000fc41c2d', u'name': u'Record', u'slug': u'record'}, {u'tradingSymbol': u'oio', u'_id': u'5c05c3873c4bad0016c2504d', u'name': u'Online', u'slug': u'online'}]","Ripple and XRP have been making headlines for a really long time now, but such popularity also brought a lot of shade around the two entities. XRP has been accused of centralization and being a security, but Ripple’s Brad Garlinghouse always made sure to kill the rumors. More than that, you probably…",74161.47461427639,https://cryptogazette.com/adminlogin/uploads/2020/10/Celebrate-1100x480-1.jpg,Analysis,2020-10-05T07:18:10.000Z,[],"{u'url': u'https://oracletimes.com/', u'_id': u'5bac83ff0c38a70019d8ffd9', u'name': u'Oracle Times', u'favicon': u'https://assets.cryptocontrol.io/favicons/5bac83ff0c38a70019d8ffd9.png'}",,https://cloudfront.cryptocontrol.io/thumbnails/5f7acb33008ac200175606ed-1601882931964.jpg,Ripple Success: Two Fraud Allegations Dropped; XRP Lawsuit Continues,https://cryptocontrol.io/r/api/article/5f7acb33008ac200175606ed?ref=5f963694c3be7e001761fc25,358
30,5f7acadf008ac200175606e3,0.2534714366238164,"[{u'tradingSymbol': u'xrp', u'_id': u'59cb5a047ab17a0b2ec00edf', u'name': u'Ripple', u'slug': u'ripple'}]","Ripple XRP the 4th largest cryptocurrency by market capitalization is trading at $0.249249 USD. In the last 24h, it’s trading between $0.253691 USD and $0.248802 USD. At press time the market capitalization of XRP is $11,256,697,532 USD as per CoinMarketCap. From around 1 month it’s trading between…",74161.34597143662,https://www.koinalert.com/wp-content/uploads/2019/04/Ripple-XRP-Price-Prediction-and-Technical-Analysis.jpg,Analysis,2020-10-05T06:33:18.000Z,[],"{u'url': u'https://www.koinalert.com', u'_id': u'5b8e40fa0c38a7001953a28b', u'name': u'Koinalert', u'favicon': u'https://assets.cryptocontrol.io/favicons/5b8e40fa0c38a7001953a28b.jpg'}",koinalert.com,https://cloudfront.cryptocontrol.io/thumbnails/5f7acadf008ac200175606e3-1601882847072.jpg,Ripple Price Analysis: XRP/USD Fibonacci chart shows strong resistance at $0.28641,https://cryptocontrol.io/r/api/article/5f7acadf008ac200175606e3?ref=5f963694c3be7e001761fc25,207
31,5f799cfc06f8730017712e2b,0.27404661748405046,"[{u'tradingSymbol': u'XRP', u'_id': u'5de5a582d37160001ab4bdff', u'name': u'XRP', u'slug': u'xrp'}, {u'tradingSymbol': u'xrp', u'_id': u'59cb5a047ab17a0b2ec00edf', u'name': u'Ripple', u'slug': u'ripple'}, {u'tradingSymbol': u'oio', u'_id': u'5c05c3873c4bad0016c2504d', u'name': u'Online', u'slug': u'online'}]","Ripple and XRP have been making many headlines lately, and now XRP is in the spotlight. According to the latest reports, Congressman Tom Emmer introduced the Securities Clarity Act, which is aiming to provide regulatory clarity for digital assets and blockchain networks. Introducing Securities…",74157.82557439526,https://cryptogazette.com/adminlogin/uploads/2020/09/XRP-and-Cross-Border-Payments-Which-19-Companies-Are-Involved-with-Ripple-696x449-1.jpg,ICO,2020-10-04T09:18:33.000Z,[],"{u'url': u'https://oracletimes.com/', u'_id': u'5bac83ff0c38a70019d8ffd9', u'name': u'Oracle Times', u'favicon': u'https://assets.cryptocontrol.io/favicons/5bac83ff0c38a70019d8ffd9.png'}",,https://cloudfront.cryptocontrol.io/thumbnails/5f799cfc06f8730017712e2b-1601805565199.jpg,Securities Clarity Act Could Boost Cryptos Like XRP,https://cryptocontrol.io/r/api/article/5f799cfc06f8730017712e2b?ref=5f963694c3be7e001761fc25,300
32,5f79afb19d5f44001aa97298,0.3206074192613202,"[{u'tradingSymbol': u'LTC', u'_id': u'59d21e9b83a0523906a45db0', u'name': u'Litecoin', u'slug': u'litecoin'}, {u'tradingSymbol': u'BNB', u'_id': u'59d21e9b83a0523906a45dd4', u'name': u'Binance Coin', u'slug': u'binance-coin'}, {u'tradingSymbol': u'mcr', u'_id': u'5a1aafdbda3d21115462ee98', u'name': u'Macro', u'slug': u'macro1'}, {u'tradingSymbol': u'MIDAS', u'_id': u'5e3844a916c3760019f74cc3', u'name': u'Midas', u'slug': u'midas'}, {u'tradingSymbol': u'EWT', u'_id': u'5f2350fca4a36200194a405b', u'name': u'Energy Web Token', u'slug': u'energy-web-token'}, {u'tradingSymbol': u'ETH', u'_id': u'59cb59f9b0836b0a63aebc7c', u'name': u'Ethereum', u'slug': u'ethereum'}, {u'tradingSymbol': u'gnr', u'_id': u'5b9afa060c38a7001913a55b', u'name': u'Gainer', u'slug': u'gainer'}, {u'tradingSymbol': u'CHX', u'_id': u'5b7ca78b0c38a700190ebdff', u'name': u'Own', u'slug': u'own'}, {u'tradingSymbol': u'xrp', u'_id': u'59cb5a047ab17a0b2ec00edf', u'name': u'Ripple', u'slug': u'ripple'}]","BNB takes the 5th spot, while Litecoin is back at the top 10. Bitcoin and the other larger-cap altcoins have stayed stagnant, but the US stock futures could drive volatile price performances later today.
",74157.81028334518,https://cryptopotato.com/wp-content/uploads/2020/10/bnb_bitcoin_cover.jpg,Analysis,2020-10-04T08:56:17.000Z,[],"{u'url': u'https://cryptopotato.com/', u'_id': u'5ce406880175730010f47558', u'name': u'Crypto Potato', u'favicon': u'https://assets.cryptocontrol.io/favicons/5ce406880175730010f47558.png'}",cryptopotato.com,https://cloudfront.cryptocontrol.io/thumbnails/5f79afb19d5f44001aa97298-1601810353963.jpg,Binance Coin (BNB) Back To Top 5 After 9% Weekly Gains: Bitcoin Price Stagnant (Sunday’s Market Watch),https://cryptocontrol.io/r/api/article/5f79afb19d5f44001aa97298?ref=5f963694c3be7e001761fc25,286
33,5f79bd0e3b4aed0017c629df,0.2578978704949392,"[{u'tradingSymbol': u'BTC', u'_id': u'59cb59e81c073f09e76f614b', u'name': u'Bitcoin', u'slug': u'bitcoin'}, {u'tradingSymbol': u'ETH', u'_id': u'59cb59f9b0836b0a63aebc7c', u'name': u'Ethereum', u'slug': u'ethereum'}, {u'tradingSymbol': u'xrp', u'_id': u'59cb5a047ab17a0b2ec00edf', u'name': u'Ripple', u'slug': u'ripple'}]","The following are not my beliefs, but a compilation of notes from conversations I had with a self-described Bitcoin “mutant”, named Edan Yago, contributor to Sovryn. Letting him ramble on about Bitcoin resulted in mesmerizing, mythical, and fascinating ruminations about Bitcoin’s destiny. So for…",74157.35373120384,https://firebasestorage.googleapis.com/v0/b/hackernoon-app.appspot.com/o/images%2FgOcaGZL99ges09JGDQ0NcEqoWcf1-8j153wje.jpeg?alt=media&token=99889bdc-66d6-4198-b849-9f92aaed084d,General,2020-10-04T06:34:30.000Z,[],"{u'url': u'https://hackernoon.com/feed', u'_id': u'5b4b575cc831fd000f6b2af3', u'name': u'Hacker Noon', u'favicon': u'https://assets.cryptocontrol.io/favicons/5b4b575cc831fd000f6b2af3.png'}",hackernoon.com,https://cloudfront.cryptocontrol.io/thumbnails/5f79bd0e3b4aed0017c629df-1601813774274.jpeg,Bitcoin: The Great Game,https://cryptocontrol.io/r/api/article/5f79bd0e3b4aed0017c629df?ref=5f963694c3be7e001761fc25,2077
34,5f791c69ce5a6a0019aa6413,0.35748996883147055,"[{u'tradingSymbol': u'BTC', u'_id': u'59cb59e81c073f09e76f614b', u'name': u'Bitcoin', u'slug': u'bitcoin'}, {u'tradingSymbol': u'xrp', u'_id': u'59cb5a047ab17a0b2ec00edf', u'name': u'Ripple', u'slug': u'ripple'}, {u'tradingSymbol': u'BCH', u'_id': u'59d21e9b83a0523906a45daf', u'name': u'Bitcoin Cash', u'slug': u'bitcoin-cash'}, {u'tradingSymbol': u'LTC', u'_id': u'59d21e9b83a0523906a45db0', u'name': u'Litecoin', u'slug': u'litecoin'}, {u'tradingSymbol': u'CS', u'_id': u'5a9b3705a8134644d04a5d85', u'name': u'Credits', u'slug': u'credits'}, {u'tradingSymbol': u'DEFI', u'_id': u'5e3844a816c3760019f74b72', u'name': u'Defi', u'slug': u'defi'}, {u'tradingSymbol': u'ETH', u'_id': u'59cb59f9b0836b0a63aebc7c', u'name': u'Ethereum', u'slug': u'ethereum'}, {u'tradingSymbol': u'DTA', u'_id': u'5a7b931102ac032bc99781f1', u'name': u'DATA', u'slug': u'data'}, {u'tradingSymbol': u'DEX', u'_id': u'5be61f883c4bad00168c1da8', u'name': u'DEX', u'slug': u'dex'}, {u'tradingSymbol': u'NET', u'_id': u'5cd36d8270d74700100891ad', u'name': u'NEXT', u'slug': u'next'}, {u'tradingSymbol': u'ERC20', u'_id': u'5a1aafdbda3d21115462eead', u'name': u'ERC20', u'slug': u'erc20'}, {u'tradingSymbol': u'TOP', u'_id': u'5e3844aa16c3760019f74f7b', u'name': u'TOP', u'slug': u'top'}, {u'tradingSymbol': u'BIT', u'_id': u'59d8e9a849f28d56105674fd', u'name': u'First Bitcoin', u'slug': u'first-bitcoin'}]","Over a half a million dollars worth of bitcoin from a May 2010 coinbase reward was transferred to Bitfinex on October 1. A parser recorded the old coins being spent and since mid-February 2020, roughly 33 so-called ‘sleeping bitcoin addresses’ from ten years ago have been spent to-date.…",74156.44184182068,https://news.bitcoin.com/wp-content/uploads/2020/10/7-9m-worth-of-sleeping-bitcoin-rewards-from-2010-moved-the-day-before-black-thursday.jpg,General,2020-10-04T00:30:22.000Z,[],"{u'url': u'https://news.bitcoin.com/', u'_id': u'59d71c67ef8bf95cc2ab0147', u'name': u'Bitcoin.com', u'favicon': u'https://assets.cryptocontrol.io/favicons/59d71c67ef8bf95cc2ab0147.png'}",news.bitcoin.com,https://cloudfront.cryptocontrol.io/thumbnails/5f791c69ce5a6a0019aa6413-1601772650054.jpg,$8M Worth of ‘Sleeping’ Bitcoin Rewards from 2010 Moved the Day Before ‘Black Thursday’,https://cryptocontrol.io/r/api/article/5f791c69ce5a6a0019aa6413?ref=5f963694c3be7e001761fc25,2201
35,5f78f66bce5a6a0019a8f50e,0.31938856760707046,"[{u'tradingSymbol': u'xrp', u'_id': u'59cb5a047ab17a0b2ec00edf', u'name': u'Ripple', u'slug': u'ripple'}, {u'tradingSymbol': u'XTZ', u'_id': u'5a1aafdbda3d21115462ee72', u'name': u'Tezos', u'slug': u'tezos'}, {u'tradingSymbol': u'GAP', u'_id': u'5d9e7482d37160001a87512b', u'name': u'GAPS', u'slug': u'gaps'}, {u'tradingSymbol': u'BTC', u'_id': u'59cb59e81c073f09e76f614b', u'name': u'Bitcoin', u'slug': u'bitcoin'}, {u'tradingSymbol': u'key', u'_id': u'5afcc60ced3b0e000f40d55c', u'name': u'KEY', u'slug': u'key'}]","Check out this week’s Bad Crypto podcast.
Bitcoin ends the week about 6 percent up , still beneath $11,000 but having set a record of 63 days above $10,000. Some traders are starting to find the digital coin’s stability boring. They’re looking for more excitement in altcoins and DeFi tokens. OMG…",74155.8193885676,https://images.cointelegraph.com/images/740_aHR0cHM6Ly9zMy5jb2ludGVsZWdyYXBoLmNvbS9zdG9yYWdlL3VwbG9hZHMvdmlldy8yNTk5NjExNzg0YjY0ZTEyZmNlZGU2MGYwZDliYWNiZS5qcGc=.jpg,General,2020-10-03T21:00:00.000Z,[],"{u'url': u'https://cointelegraph.com/', u'_id': u'59d70be3ef8bf95cc2aa2b4f', u'name': u'CoinTelegraph', u'favicon': u'https://assets.cryptocontrol.io/favicons/59d70be3ef8bf95cc2aa2b4f.png'}",cointelegraph.com,https://cloudfront.cryptocontrol.io/thumbnails/5f78f66bce5a6a0019a8f50e-1601762923665.jpg,"Security, regulation, and knowledge gaps: Bad crypto news of the week",https://cryptocontrol.io/r/api/article/5f78f66bce5a6a0019a8f50e?ref=5f963694c3be7e001761fc25,489
36,5f788056ca0cc40017ae9725,0.26505798557652754,"[{u'tradingSymbol': u'xrp', u'_id': u'59cb5a047ab17a0b2ec00edf', u'name': u'Ripple', u'slug': u'ripple'}, {u'tradingSymbol': u'XRP', u'_id': u'5de5a582d37160001ab4bdff', u'name': u'XRP', u'slug': u'xrp'}, {u'tradingSymbol': u'SEN', u'_id': u'5ac2c404a8134644d0cc0a32', u'name': u'Consensus', u'slug': u'consensus'}, {u'tradingSymbol': u'CCT', u'_id': u'5a1aafdbda3d21115462ee46', u'name': u'Crystal Clear ', u'slug': u'crystal-clear'}]","Catch up on the latest crypto market news at The Currency Analytics.
Following the lock down, there is an increase in the demand for digital technology, particularly for digital payments. Consumers are…
",74154.39070613374,https://cdn.thecurrencyanalytics.com/wp-content/uploads/2020/10/RippleXRPExchange-300x300.jpg,Exchanges,2020-10-03T12:45:14.000Z,[],"{u'url': u'https://thecurrencyanalytics.com/', u'_id': u'5c509bf423b00e00101f000b', u'name': u'TheCurrencyAnalytics', u'favicon': u'https://assets.cryptocontrol.io/favicons/5c509bf423b00e00101f000b.jpg'}",thecurrencyanalytics.com,https://cloudfront.cryptocontrol.io/thumbnails/5f788056ca0cc40017ae9725-1601732694064.jpg,Ripple (XRP) Operating While Moving Forward With Bridge Assets For Smooth Exchange of Value,https://cryptocontrol.io/r/api/article/5f788056ca0cc40017ae9725?ref=5f963694c3be7e001761fc25,452
37,5f784fcc70262f001788f242,0.2642872688520338,"[{u'tradingSymbol': u'XRP', u'_id': u'5de5a582d37160001ab4bdff', u'name': u'XRP', u'slug': u'xrp'}, {u'tradingSymbol': u'xrp', u'_id': u'59cb5a047ab17a0b2ec00edf', u'name': u'Ripple', u'slug': u'ripple'}, {u'tradingSymbol': u'oio', u'_id': u'5c05c3873c4bad0016c2504d', u'name': u'Online', u'slug': u'online'}]",It’s been just revealed that XRP seems to be gaining even more adoption these days. Ripple and the digital asset XRP have been making headlines for quite a while. Ripple has been working hard to promote the whole XRP ecosystem but also to push the adoption of the crypto XRP. SBI e-sports…,74153.83558356515,https://cryptogazette.com/adminlogin/uploads/2020/10/Can-Ripple-XRP-Truly-Threaten-Bitcoins-Top-Market-Cap-Spot-with-the-Help-of-SBI-Holdings-696x449-1.jpg,Mining,2020-10-03T09:25:40.000Z,[],"{u'url': u'https://oracletimes.com/', u'_id': u'5bac83ff0c38a70019d8ffd9', u'name': u'Oracle Times', u'favicon': u'https://assets.cryptocontrol.io/favicons/5bac83ff0c38a70019d8ffd9.png'}",,https://cloudfront.cryptocontrol.io/thumbnails/5f784fcc70262f001788f242-1601720268493.jpg,SBI Plans To Use XRP In E-Sports Gaming Industry,https://cryptocontrol.io/r/api/article/5f784fcc70262f001788f242?ref=5f963694c3be7e001761fc25,302
38,5f782e027459c100192c77c4,0.26524974018945474,"[{u'tradingSymbol': u'xrp', u'_id': u'59cb5a047ab17a0b2ec00edf', u'name': u'Ripple', u'slug': u'ripple'}, {u'tradingSymbol': u'SENSE', u'_id': u'5a7b931a02ac032bc9978269', u'name': u'Sense', u'slug': u'sense'}, {u'tradingSymbol': u'DTA', u'_id': u'5a7b931102ac032bc99781f1', u'name': u'DATA', u'slug': u'data'}, {u'tradingSymbol': u'CS', u'_id': u'5a9b3705a8134644d04a5d85', u'name': u'Credits', u'slug': u'credits'}, {u'tradingSymbol': u'XRP', u'_id': u'5de5a582d37160001ab4bdff', u'name': u'XRP', u'slug': u'xrp'}, {u'tradingSymbol': u'CHX', u'_id': u'5b7ca78b0c38a700190ebdff', u'name': u'Own', u'slug': u'own'}]","A new blockchain platform aims to get decentralized networks to decarbonize, but challenges remain, due to uncertainty around tokenization
As tech giants like Google and Facebook announce plans to become carbon-neutral businesses by 2030, smaller companies are doing the same. The only difference is…",74153.43191640686,https://images.cointelegraph.com/images/740_aHR0cHM6Ly9zMy5ldS1jZW50cmFsLTEuYW1hem9uYXdzLmNvbS9zMy5jb2ludGVsZWdyYXBoLmNvbS91cGxvYWRzLzIwMjAtMTAvNjU0NzcxYmYtNDkxZi00MTAxLWIxYzUtZWMxMTRhODJlMWVhLmpwZw==.jpg,Blockchain,2020-10-03T07:00:00.000Z,[],"{u'url': u'https://cointelegraph.com/', u'_id': u'59d70be3ef8bf95cc2aa2b4f', u'name': u'CoinTelegraph', u'favicon': u'https://assets.cryptocontrol.io/favicons/59d70be3ef8bf95cc2aa2b4f.png'}",cointelegraph.com,https://cloudfront.cryptocontrol.io/thumbnails/5f782e027459c100192c77c4-1601711618356.jpg,"XRP Ledger blockchain energizes decarbonization, but tokenization a challenge",https://cryptocontrol.io/r/api/article/5f782e027459c100192c77c4?ref=5f963694c3be7e001761fc25,923
39,5f78276b9affe000193602fd,0.26582280766035327,"[{u'tradingSymbol': u'BTC', u'_id': u'59cb59e81c073f09e76f614b', u'name': u'Bitcoin', u'slug': u'bitcoin'}, {u'tradingSymbol': u'ETH', u'_id': u'59cb59f9b0836b0a63aebc7c', u'name': u'Ethereum', u'slug': u'ethereum'}, {u'tradingSymbol': u'xrp', u'_id': u'59cb5a047ab17a0b2ec00edf', u'name': u'Ripple', u'slug': u'ripple'}, {u'tradingSymbol': u'key', u'_id': u'5afcc60ced3b0e000f40d55c', u'name': u'KEY', u'slug': u'key'}, {u'tradingSymbol': u'SEN', u'_id': u'5ac2c404a8134644d0cc0a32', u'name': u'Consensus', u'slug': u'consensus'}, {u'tradingSymbol': u'DTA', u'_id': u'5a7b931102ac032bc99781f1', u'name': u'DATA', u'slug': u'data'}, {u'tradingSymbol': u'rcd', u'_id': u'5b4be006c831fd000fc41c2d', u'name': u'Record', u'slug': u'record'}]","While most of the excitement around blockchain comes from its use in cryptocurrencies, designers are beginning to find interesting ways to solve system problems using blockchain and other forms of distributed ledger technology (DLT). The most commonly used data structure for distributed ledgers is…",74153.40591540026,https://image.coinpedia.org/wp-content/uploads/2020/10/03064403/Distributed-ledger-technology.png,General,2020-10-03T06:50:26.000Z,[],"{u'url': u'https://coinpedia.org/', u'_id': u'5bf00e7e3c4bad0016748067', u'name': u'Coinpedia', u'favicon': u'https://assets.cryptocontrol.io/favicons/5bf00e7e3c4bad0016748067.png'}",coinpedia.org,,The Detailed Guide on the Distributed Ledger Technology (DLT),https://cryptocontrol.io/r/api/article/5f78276b9affe000193602fd?ref=5f963694c3be7e001761fc25,1101
40,5f78233c9affe0001935db5d,0.26544112780768314,"[{u'tradingSymbol': u'xrp', u'_id': u'59cb5a047ab17a0b2ec00edf', u'name': u'Ripple', u'slug': u'ripple'}, {u'tradingSymbol': u'DTA', u'_id': u'5a7b931102ac032bc99781f1', u'name': u'DATA', u'slug': u'data'}, {u'tradingSymbol': u'ETH', u'_id': u'59cb59f9b0836b0a63aebc7c', u'name': u'Ethereum', u'slug': u'ethereum'}]",The patent presents interesting use cases for data transactions between the Ripple ecosystem with the outside world.,74153.37863557226,https://www.coinspeaker.com/wp-content/uploads/2020/08/ripple-payid.jpg,Government,2020-10-03T06:40:45.000Z,[],"{u'url': u'https://www.coinspeaker.com/', u'_id': u'5b4b5794c831fd000f6b5152', u'name': u'CoinSpeaker', u'favicon': u'https://assets.cryptocontrol.io/favicons/5b4b5794c831fd000f6b5152.png'}",coinspeaker.com,https://cloudfront.cryptocontrol.io/thumbnails/5f78233c9affe0001935db5d-1601708860271.jpg,USPTO Grants Ripple Labs Patent for Smart Contracts System that Uses...,https://cryptocontrol.io/r/api/article/5f78233c9affe0001935db5d?ref=5f963694c3be7e001761fc25,548
41,5f78667a615f8f00174dbc87,0.31826747963214885,"[{u'tradingSymbol': u'bcap', u'_id': u'59d21e9b83a0523906a45e87', u'name': u'BCAP', u'slug': u'bcap'}, {u'tradingSymbol': u'SEN', u'_id': u'5ac2c404a8134644d0cc0a32', u'name': u'Consensus', u'slug': u'consensus'}, {u'tradingSymbol': u'BASIC', u'_id': u'5f2350fda4a36200194a4089', u'name': u'BASIC', u'slug': u'basic'}, {u'tradingSymbol': u'BTC', u'_id': u'59cb59e81c073f09e76f614b', u'name': u'Bitcoin', u'slug': u'bitcoin'}, {u'tradingSymbol': u'ERC20', u'_id': u'5a1aafdbda3d21115462eead', u'name': u'ERC20', u'slug': u'erc20'}, {u'tradingSymbol': u'xrp', u'_id': u'59cb5a047ab17a0b2ec00edf', u'name': u'Ripple', u'slug': u'ripple'}, {u'tradingSymbol': u'XRP', u'_id': u'5de5a582d37160001ab4bdff', u'name': u'XRP', u'slug': u'xrp'}, {u'tradingSymbol': u'NMC', u'_id': u'59d21e9b83a0523906a45e43', u'name': u'Namecoin', u'slug': u'namecoin'}, {u'tradingSymbol': u'ETH', u'_id': u'59cb59f9b0836b0a63aebc7c', u'name': u'Ethereum', u'slug': u'ethereum'}, {u'tradingSymbol': u'NET', u'_id': u'5cd36d8270d74700100891ad', u'name': u'NEXT', u'slug': u'next'}, {u'tradingSymbol': u'alt', u'_id': u'59d21e9b83a0523906a45f2b', u'name': u'Altcoin', u'slug': u'altcoin-alt'}, {u'tradingSymbol': u'XMR', u'_id': u'59d21e9b83a0523906a45db5', u'name': u'Monero', u'slug': u'monero'}, {u'tradingSymbol': u'DEFI', u'_id': u'5e3844a816c3760019f74b72', u'name': u'Defi', u'slug': u'defi'}, {u'tradingSymbol': u'DASH', u'_id': u'59d21e9b83a0523906a45db1', u'name': u'Dash', u'slug': u'dash'}]","As the Bitcoin trend is emerging, I’m pretty much sure that you must have heard about Cryptocurrencies and Altcoins. You might have heard in the news or through some websites or you just explored it by yourself. Maybe you don’t know where to start with or how to use it. No worries!! Here is the …
",74153.32025822037,https://coinpedia.org/wp-content/uploads/2017/06/What-is-altcoin.webp,General,2020-10-03T06:00:43.000Z,[],"{u'url': u'https://coinpedia.org/', u'_id': u'5bf00e7e3c4bad0016748067', u'name': u'Coinpedia', u'favicon': u'https://assets.cryptocontrol.io/favicons/5bf00e7e3c4bad0016748067.png'}",coinpedia.org,https://cloudfront.cryptocontrol.io/thumbnails/5f78667a615f8f00174dbc87-1601726074077.webp,The Complete Guide to Altcoin,https://cryptocontrol.io/r/api/article/5f78667a615f8f00174dbc87?ref=5f963694c3be7e001761fc25,1478
42,5f7745bd93b0a10017246d7e,0.26331544390514167,"[{u'tradingSymbol': u'xrp', u'_id': u'59cb5a047ab17a0b2ec00edf', u'name': u'Ripple', u'slug': u'ripple'}, {u'tradingSymbol': u'DTA', u'_id': u'5a7b931102ac032bc99781f1', u'name': u'DATA', u'slug': u'data'}, {u'tradingSymbol': u'BTC', u'_id': u'59cb59e81c073f09e76f614b', u'name': u'Bitcoin', u'slug': u'bitcoin'}]",Ripple has won a patent for a design would allow a whole new breed of derivatives to settle based on external data – such as temperature.,74150.53461174021,https://static.coindesk.com/wp-content/uploads/2020/01/Brad-Garlinghouse-Ripple-1200x628.jpg,General,2020-10-02T13:37:40.000Z,[],"{u'url': u'http://coindesk.com', u'_id': u'59ce11393a44cf289a9a71f5', u'name': u'CoinDesk', u'favicon': u'https://assets.cryptocontrol.io/favicons/59ce11393a44cf289a9a71f5.png'}",coindesk.com,https://cloudfront.cryptocontrol.io/thumbnails/5f7745bd93b0a10017246d7e-1601652157660.jpg,Ripple Wins US Patent for New Oracle-Based Smart Contract Design - CoinDesk,https://cryptocontrol.io/r/api/article/5f7745bd93b0a10017246d7e?ref=5f963694c3be7e001761fc25,387
43,5f7715077f10c7001a5d7ecc,0.26770965609079156,"[{u'tradingSymbol': u'XRP', u'_id': u'5de5a582d37160001ab4bdff', u'name': u'XRP', u'slug': u'xrp'}, {u'tradingSymbol': u'xrp', u'_id': u'59cb5a047ab17a0b2ec00edf', u'name': u'Ripple', u'slug': u'ripple'}, {u'tradingSymbol': u'CAG', u'_id': u'5a1aafdbda3d21115462ee14', u'name': u'Change', u'slug': u'change'}]","XRP Ledger’s sustainable nature is expected to propel XRP transactions to escalate by nearly 1,000% by 2025.",74150.16428373016,https://www.coinspeaker.com/wp-content/uploads/2020/10/xrp-transactions-increase-by-1000-2025.jpg,Analysis,2020-10-02T11:22:46.000Z,[],"{u'url': u'https://www.coinspeaker.com/', u'_id': u'5b4b5794c831fd000f6b5152', u'name': u'CoinSpeaker', u'favicon': u'https://assets.cryptocontrol.io/favicons/5b4b5794c831fd000f6b5152.png'}",coinspeaker.com,https://cloudfront.cryptocontrol.io/thumbnails/5f7715077f10c7001a5d7ecc-1601639688585.jpg,"XRP Transactions to Increase by 1,000% by 2025, Ripple’s New Report...",https://cryptocontrol.io/r/api/article/5f7715077f10c7001a5d7ecc?ref=5f963694c3be7e001761fc25,614
44,5f77118d7f10c7001a5d56e5,0.35680215564985074,"[{u'tradingSymbol': u'BTC', u'_id': u'59cb59e81c073f09e76f614b', u'name': u'Bitcoin', u'slug': u'bitcoin'}, {u'tradingSymbol': u'xrp', u'_id': u'59cb5a047ab17a0b2ec00edf', u'name': u'Ripple', u'slug': u'ripple'}, {u'tradingSymbol': u'BCH', u'_id': u'59d21e9b83a0523906a45daf', u'name': u'Bitcoin Cash', u'slug': u'bitcoin-cash'}, {u'tradingSymbol': u'LTC', u'_id': u'59d21e9b83a0523906a45db0', u'name': u'Litecoin', u'slug': u'litecoin'}, {u'tradingSymbol': u'DEFI', u'_id': u'5e3844a816c3760019f74b72', u'name': u'Defi', u'slug': u'defi'}, {u'tradingSymbol': u'BASIC', u'_id': u'5f2350fda4a36200194a4089', u'name': u'BASIC', u'slug': u'basic'}, {u'tradingSymbol': u'ETH', u'_id': u'59cb59f9b0836b0a63aebc7c', u'name': u'Ethereum', u'slug': u'ethereum'}, {u'tradingSymbol': u'DTA', u'_id': u'5a7b931102ac032bc99781f1', u'name': u'DATA', u'slug': u'data'}, {u'tradingSymbol': u'NET', u'_id': u'5cd36d8270d74700100891ad', u'name': u'NEXT', u'slug': u'next'}, {u'tradingSymbol': u'DEX', u'_id': u'5be61f883c4bad00168c1da8', u'name': u'DEX', u'slug': u'dex'}, {u'tradingSymbol': u'TOP', u'_id': u'5e3844aa16c3760019f74f7b', u'name': u'TOP', u'slug': u'top'}, {u'tradingSymbol': u'BIT', u'_id': u'59d8e9a849f28d56105674fd', u'name': u'First Bitcoin', u'slug': u'first-bitcoin'}, {u'tradingSymbol': u'ERC20', u'_id': u'5a1aafdbda3d21115462eead', u'name': u'ERC20', u'slug': u'erc20'}]","Cryptocurrency derivatives trading platform Bitmex has been charged with illegally operating in the U.S. Concurrently, its executives, including CEO Arthur Hayes, have been charged with violations of the Bank Secrecy Act and are facing prison sentences. One of the Bitmex founders has already been…",74150.1924966001,https://news.bitcoin.com/wp-content/uploads/2019/03/bitmex.jpg,General,2020-10-02T11:00:51.000Z,[],"{u'url': u'https://news.bitcoin.com/', u'_id': u'59d71c67ef8bf95cc2ab0147', u'name': u'Bitcoin.com', u'favicon': u'https://assets.cryptocontrol.io/favicons/59d71c67ef8bf95cc2ab0147.png'}",news.bitcoin.com,https://cloudfront.cryptocontrol.io/thumbnails/5f77118d7f10c7001a5d56e5-1601638803460.jpg,"Bitmex Charged With US Rules Violations — Owners Face Criminal Charges, Prison",https://cryptocontrol.io/r/api/article/5f77118d7f10c7001a5d56e5?ref=5f963694c3be7e001761fc25,1924
45,5f76ebc6216d9b0017dcb333,0.26409365794934714,"[{u'tradingSymbol': u'DTA', u'_id': u'5a7b931102ac032bc99781f1', u'name': u'DATA', u'slug': u'data'}, {u'tradingSymbol': u'xrp', u'_id': u'59cb5a047ab17a0b2ec00edf', u'name': u'Ripple', u'slug': u'ripple'}, {u'tradingSymbol': u'XRP', u'_id': u'5de5a582d37160001ab4bdff', u'name': u'XRP', u'slug': u'xrp'}, {u'tradingSymbol': u'key', u'_id': u'5afcc60ced3b0e000f40d55c', u'name': u'KEY', u'slug': u'key'}, {u'tradingSymbol': u'NET', u'_id': u'5cd36d8270d74700100891ad', u'name': u'NEXT', u'slug': u'next'}, {u'tradingSymbol': u'BTC', u'_id': u'59cb59e81c073f09e76f614b', u'name': u'Bitcoin', u'slug': u'bitcoin'}, {u'tradingSymbol': u'ETH', u'_id': u'59cb59f9b0836b0a63aebc7c', u'name': u'Ethereum', u'slug': u'ethereum'}]",Ripple failed to clear the $0.2450 resistance and declined sharply against the US Dollar. XRP price is now trading below the $0.2380 support and remains at a risk of a drop to $0.2200. Ripple is down more than 4% and it failed to clear the main $0.2450 resistance against the US dollar. The price is…,74149.56589921351,https://www.newsbtc.com/wp-content/uploads/2020/10/shutterstock_482167000.jpg,General,2020-10-02T07:48:39.000Z,[],"{u'url': u'http://www.newsbtc.com', u'_id': u'59d71bd7ef8bf95cc2aaf579', u'name': u'NewsBTC', u'favicon': u'https://assets.cryptocontrol.io/favicons/59d71bd7ef8bf95cc2aaf579.png'}",newsbtc.com,https://cloudfront.cryptocontrol.io/thumbnails/5f76ebc6216d9b0017dcb333-1601629126096.jpg,Ripple (XRP) Breaks Key Support: Indicators Suggest Fresh Test of $0.22,https://cryptocontrol.io/r/api/article/5f76ebc6216d9b0017dcb333?ref=5f963694c3be7e001761fc25,409
46,5f76e313ffa81a001ba28eb9,1.7724550719534604,"[{u'tradingSymbol': u'XRP', u'_id': u'5de5a582d37160001ab4bdff', u'name': u'XRP', u'slug': u'xrp'}, {u'tradingSymbol': u'xrp', u'_id': u'59cb5a047ab17a0b2ec00edf', u'name': u'Ripple', u'slug': u'ripple'}, {u'tradingSymbol': u'oio', u'_id': u'5c05c3873c4bad0016c2504d', u'name': u'Online', u'slug': u'online'}, {u'tradingSymbol': u'key', u'_id': u'5afcc60ced3b0e000f40d55c', u'name': u'KEY', u'slug': u'key'}]","There have been various rumors surrounding the firm Ripple and also the digital asset XRP, starting with the fact that XRP is centralized and finishing with the rumors claiming that Ripple will drop XRP. Now, it’s been revealed that Bharath Chari, the spokesman of the newly founded XRP Ledger…",74151.04328840529,https://cryptogazette.com/adminlogin/uploads/2020/09/ripplr-vs-xrp.jpg,Analysis,2020-10-02T07:37:30.000Z,"[{u'title': u'XRP Ledger Foundation Dispels Rumor: Ripple Is Not Going to Abandon...', u'url': u'https://cryptocontrol.io/r/api/article/5f746dc93e1e660017ee8fd0?ref=5f963694c3be7e001761fc25', u'publishedAt': u'2020-09-30T11:29:22.000Z', u'sourceDomain': u'coinspeaker.com', u'_id': u'5f746dc93e1e660017ee8fd0', u'thumbnail': u'https://cloudfront.cryptocontrol.io/thumbnails/5f746dc93e1e660017ee8fd0-1601465801766.jpg'}]","{u'url': u'https://oracletimes.com/', u'_id': u'5bac83ff0c38a70019d8ffd9', u'name': u'Oracle Times', u'favicon': u'https://assets.cryptocontrol.io/favicons/5bac83ff0c38a70019d8ffd9.png'}",,https://cloudfront.cryptocontrol.io/thumbnails/5f76e313ffa81a001ba28eb9-1601626904274.jpg,XRP Ledger Foundation Denied Rumors That Ripple Will Abandon XRP,https://cryptocontrol.io/r/api/article/5f76e313ffa81a001ba28eb9?ref=5f963694c3be7e001761fc25,312
47,5f76e51505b1f90017b0d55f,0.26094379124341005,"[{u'tradingSymbol': u'TOP', u'_id': u'5e3844aa16c3760019f74f7b', u'name': u'TOP', u'slug': u'top'}, {u'tradingSymbol': u'xrp', u'_id': u'59cb5a047ab17a0b2ec00edf', u'name': u'Ripple', u'slug': u'ripple'}]","NBA Top Shot, the officially licensed collectibles game based on Blockchain, has been opened to the public in Beta, following a recent announcement. Launched by Dapper Labs, the basketball game is powered by digital collectibles which can either be traded, purchased, or sold for a cash equivalent.…",74149.44163823569,https://cryptopolitanimg.s3.amazonaws.com/wp-content/uploads/2020/10/02080216/basketball-2258651_1920.jpg,General,2020-10-02T07:05:03.000Z,[],"{u'url': u'https://www.cryptopolitan.com/', u'_id': u'5bda96120c38a7001984d502', u'name': u'Cryptopolitan', u'favicon': u'https://assets.cryptocontrol.io/favicons/5bda96120c38a7001984d502.png'}",cryptopolitan.com,https://cloudfront.cryptocontrol.io/thumbnails/5f76e51505b1f90017b0d55f-1601627413097.jpg,Dapper Labs’ NBA Top Shot now opened to public in Beta,https://cryptocontrol.io/r/api/article/5f76e51505b1f90017b0d55f?ref=5f963694c3be7e001761fc25,195
48,5f76e313ffa81a001ba28ebb,0.2637053079467074,"[{u'tradingSymbol': u'xrp', u'_id': u'59cb5a047ab17a0b2ec00edf', u'name': u'Ripple', u'slug': u'ripple'}, {u'tradingSymbol': u'XRP', u'_id': u'5de5a582d37160001ab4bdff', u'name': u'XRP', u'slug': u'xrp'}]","Ripple and XRP have been making headlines a lot this year despite the global crisis. Ripple has been working really hard to boost the XRP ecosystem and also to push the mainstream adoption of the digital asset XRP. XRP Ledger to become one of the first carbon-free blockchains Now, it’s been revealed…",74149.3793071598,https://cryptogazette.com/adminlogin/uploads/2020/09/ripple-xrp2.jpg,Blockchain,2020-10-02T06:41:37.000Z,[],"{u'url': u'https://oracletimes.com/', u'_id': u'5bac83ff0c38a70019d8ffd9', u'name': u'Oracle Times', u'favicon': u'https://assets.cryptocontrol.io/favicons/5bac83ff0c38a70019d8ffd9.png'}",,https://cloudfront.cryptocontrol.io/thumbnails/5f76e313ffa81a001ba28ebb-1601626899462.jpg,XRP Ledger To Become A Carbon-Free Powered Blockchain,https://cryptocontrol.io/r/api/article/5f76e313ffa81a001ba28ebb?ref=5f963694c3be7e001761fc25,294
49,5f76bb7fd9ad1d00175cc37e,0.2642872688520338,"[{u'tradingSymbol': u'xrp', u'_id': u'59cb5a047ab17a0b2ec00edf', u'name': u'Ripple', u'slug': u'ripple'}, {u'tradingSymbol': u'XRP', u'_id': u'5de5a582d37160001ab4bdff', u'name': u'XRP', u'slug': u'xrp'}]","Catch up on the latest crypto market news at The Currency Analytics.
The Ripple community are excited about having committed to the decarbonization project.  David Schwartz in response to the recent decarbonization…
",74149.0048891207,https://cdn.thecurrencyanalytics.com/wp-content/uploads/2020/10/RippleXRPPodcast-300x300.jpg,General,2020-10-02T04:26:37.000Z,[],"{u'url': u'https://thecurrencyanalytics.com/', u'_id': u'5c509bf423b00e00101f000b', u'name': u'TheCurrencyAnalytics', u'favicon': u'https://assets.cryptocontrol.io/favicons/5c509bf423b00e00101f000b.jpg'}",thecurrencyanalytics.com,https://cloudfront.cryptocontrol.io/thumbnails/5f76bb7fd9ad1d00175cc37e-1601616768176.jpg,Ripple (XRP) Podcast Explores Shocking Scales of Energy Consumption,https://cryptocontrol.io/r/api/article/5f76bb7fd9ad1d00175cc37e?ref=5f963694c3be7e001761fc25,419
